seriesId,variantId,modelId,group,name,n,actualTotal,absoluteError,wape,mae,over,under,loss,rankVsFixed34_loss,rankVsFixed34_wape,rankVsFixed34_mae,rankVsRolling34_loss,rankVsRolling34_wape,rankVsRolling34_mae
fixed/last-day,frozen,last-day,fixed,전날 판매 · 고정 보정,974,23373,8037,34.385829803619558,8.2515400410677611,8622,1979,14559,27,28,28,34,32,32
fixed/last-week,frozen,last-week,fixed,전주 같은 요일 · 고정 보정,974,23373,8043.5,34.413639669704359,8.2582135523613971,9319,1507,13840,22,29,29,32,32,32
fixed/recent-7,frozen,recent-7,fixed,최근 7일 판매분포 · 고정 보정,974,23373,6697,28.652718949214908,6.8757700205338805,7280,1524,11852,4,6,6,19,16,16
fixed/weekday-8,frozen,weekday-8,fixed,최근 8주 같은 요일 · 고정 보정,974,23373,10746.75,45.979335130278528,11.033624229979466,12621,1623,17490,33,33,33,35,35,35
fixed/ridge,frozen,ridge,fixed,Ridge 회귀 · 고정 보정,974,23373,6631.1249466044419,28.370876424098071,6.8081364954871066,6816,1758,12090,7,5,5,24,15,15
fixed/elastic-net,frozen,elastic-net,fixed,Elastic Net · 고정 보정,974,23373,6544.5018086465197,28.000264444643474,6.7192010355713752,6712,1713,11851,3,4,4,19,14,14
fixed/huber,frozen,huber,fixed,Huber 회귀 · 고정 보정,974,23373,6531.4636121623898,27.94448129107256,6.7058147968813033,6594,1806,12012,5,3,3,23,14,14
fixed/linear-quantile-0,frozen,linear-quantile-0,fixed,선형 분위수 · 비정규화 · 고정 보정,974,23373,6445.0223940592205,27.574647644971634,6.6170661129971462,6344,1484,10796,1,2,2,3,10,10
fixed/linear-quantile-1,frozen,linear-quantile-1,fixed,선형 분위수 · L1 정규화 · 고정 보정,974,23373,13600,58.186796731271123,13.963039014373717,12039,4489,25506,34,34,34,35,35,35
fixed/spline-ridge,frozen,spline-ridge,fixed,스플라인 Ridge · 고정 보정,974,23373,8080.416766335773,34.571585874024613,8.2961157765254345,7341,2316,14289,23,30,30,33,32,32
fixed/poisson,frozen,poisson,fixed,Poisson 회귀 · 고정 보정,974,23373,7859.5,33.626406537457747,8.0693018480492817,7443,1808,12867,15,22,22,31,31,31
fixed/negative-binomial,frozen,negative-binomial,fixed,음이항 회귀 · 고정 보정,974,23373,8178.5,34.991229196080951,8.3968172484599588,7938,2224,14610,28,31,31,34,33,33
fixed/svr,frozen,svr,fixed,SVR · 고정 보정,974,23373,7875.1063952587501,33.693177577798103,8.0853248411280809,7138,2750,15388,32,23,23,34,31,31
fixed/knn,frozen,knn,fixed,kNN · 고정 보정,974,23373,7917.7743667179602,33.875729973550506,8.1291317933449285,8221,2175,14746,29,26,26,34,31,31
fixed/random-forest,frozen,random-forest,fixed,Random Forest 분위수숲 · 고정 보정,974,23373,7478,31.994181320326874,7.6776180698151952,6620,1966,12518,11,14,14,27,31,31
fixed/extra-trees,frozen,extra-trees,fixed,Extra Trees 분위수숲 · 고정 보정,974,23373,7442,31.840157446626449,7.6406570841889119,6187,2229,12874,17,12,12,31,31,31
fixed/histogram-small,frozen,histogram-small,fixed,히스토그램 부스팅 · 작은 나무 · 고정 보정,974,23373,7586.2676433864899,32.457398037849188,7.7887758145651844,6218,1946,12056,6,16,16,24,31,31
fixed/histogram-medium,frozen,histogram-medium,fixed,히스토그램 부스팅 · 중간 나무 · 고정 보정,974,23373,7639.8082951916804,32.686468554279209,7.8437456829483372,6861,1993,12840,14,18,18,31,31,31
fixed/histogram-large,frozen,histogram-large,fixed,히스토그램 부스팅 · 큰 나무 · 고정 보정,974,23373,7876.1878969438912,33.697804718880292,8.0864352124680607,6986,2002,12992,19,24,24,31,31,31
fixed/lightgbm,frozen,lightgbm,fixed,LightGBM · 고정 보정,974,23373,7595.3929574316799,32.496440155015101,7.7981447201557286,6849,2008,12873,16,17,17,31,31,31
fixed/xgboost,frozen,xgboost,fixed,XGBoost · 고정 보정,974,23373,7460.6537427881703,31.919966383383265,7.659808770829744,6840,2029,12927,18,13,13,31,31,31
fixed/catboost,frozen,catboost,fixed,CatBoost 분위수 · 고정 보정,974,23373,7666.2510373588302,32.79960226483049,7.8708942888694358,6407,2115,12752,13,19,19,30,31,31
fixed/sarima,frozen,sarima,fixed,SARIMA · 고정 보정,974,23373,7051.1409893057498,30.167890255019678,7.2393644654063136,7390,1594,12172,9,11,11,25,25,25
fixed/state-space,frozen,state-space,fixed,구조적 상태공간 · 고정 보정,974,23373,6261.9591552683605,26.791422390229584,6.429116175840206,7155,1414,11397,2,1,1,14,1,1
fixed/holt,frozen,holt,fixed,감쇠 추세 Holt · 고정 보정,974,23373,6766.2360803511292,28.94894142964587,6.9468542919416114,7750,1664,12742,12,7,7,30,20,20
fixed/ou-sde,frozen,ou-sde,fixed,OU 확률미분방정식 · 고정 보정,974,23373,6904.2103639491797,29.539256252723998,7.0885116672989525,6942,1720,12102,8,8,8,24,23,23
fixed/nonlinear-ode,frozen,nonlinear-ode,fixed,비선형 3차 ODE · 고정 보정,974,23373,6913.6042913226001,29.579447616149405,7.0981563565940453,7435,1874,13057,20,9,9,31,24,24
fixed/nonlinear-sde,frozen,nonlinear-sde,fixed,비선형 3차 SDE · 고정 보정,974,23373,6953.1470764355709,29.748629086705048,7.1387546985991488,7059,1723,12228,10,10,10,25,24,24
fixed/mlp,frozen,mlp,fixed,MLP · 고정 보정,974,23373,7888.6905896546095,33.751296751185599,8.0992716526228019,6543,2591,14316,25,25,25,33,31,31
fixed/lstm,frozen,lstm,fixed,LSTM · 고정 보정,974,23373,7691.69497428054,32.908462646132463,7.8970174273927514,6153,2717,14304,24,20,20,33,31,31
fixed/gru,frozen,gru,fixed,GRU · 고정 보정,974,23373,7980.5458369158396,34.144294001265735,8.1935788880039429,7369,2667,15370,31,27,27,34,31,31
fixed/tcn,frozen,tcn,fixed,TCN · 고정 보정,974,23373,7720.8317274001902,33.033122523425277,7.9269319583164171,7228,2422,14494,26,21,21,33,31,31
fixed/transformer,frozen,transformer,fixed,Transformer · 고정 보정,974,23373,8212.2887755027405,35.135792476373339,8.431507983062362,7426,2544,15058,30,32,32,34,33,33
fixed/neural-ode,frozen,neural-ode,fixed,Neural ODE · 고정 보정,974,23373,7494.9033293112107,32.066501216408724,7.6949726173626392,6831,2156,13299,21,15,15,32,31,31
fixed/custom-final,frozen,custom-final,fixed,내 최종 결합 모델 · 고정 보정,974,23373,6848.0715945429101,29.299069843592648,7.0308743270461092,4978,2501,12481,11,8,8,27,23,23
rolling/last-day,rolling-daily,last-day,rolling,전날 판매 · 매일 보정,974,23373,8034,34.372994480811194,8.2484599589322389,8162,1989,14129,23,28,28,32,31,31
rolling/last-week,rolling-daily,last-week,rolling,전주 같은 요일 · 매일 보정,974,23373,8095.5,34.636118598382751,8.3116016427104729,8810,1454,13172,21,31,31,31,32,32
rolling/recent-7,rolling-daily,recent-7,rolling,최근 7일 판매분포 · 매일 보정,974,23373,6731.25,28.799255551277113,6.9109342915811087,6966,1598,11760,3,7,7,15,18,18
rolling/weekday-8,rolling-daily,weekday-8,rolling,최근 8주 같은 요일 · 매일 보정,974,23373,8983.25,38.434304539425831,9.223049281314168,10395,1369,14502,27,33,33,33,33,33
rolling/ridge,rolling-daily,ridge,rolling,Ridge 회귀 · 매일 보정,974,23373,6415.4850183460021,27.448273727574563,6.5867402652423017,6494,1517,11045,2,2,2,10,6,6
rolling/elastic-net,rolling-daily,elastic-net,rolling,Elastic Net · 매일 보정,974,23373,6359.645413835824,27.209367277781304,6.5294100758068012,6443,1504,10955,2,2,2,7,4,4
rolling/huber,rolling-daily,huber,rolling,Huber 회귀 · 매일 보정,974,23373,6307.4182470260257,26.985916429324543,6.4757887546468433,6325,1570,11035,2,2,2,9,3,3
rolling/linear-quantile-0,rolling-daily,linear-quantile-0,rolling,선형 분위수 · 비정규화 · 매일 보정,974,23373,6279.1953432294213,26.865166402384894,6.4468124673813358,6156,1480,10596,1,2,2,2,2,2
rolling/linear-quantile-1,rolling-daily,linear-quantile-1,rolling,선형 분위수 · L1 정규화 · 매일 보정,974,23373,9491,40.606682924742223,9.7443531827515404,10248,2164,16740,33,33,33,34,34,34
rolling/spline-ridge,rolling-daily,spline-ridge,rolling,스플라인 Ridge · 매일 보정,974,23373,7038.596100246179,30.11421768812809,7.2264847025114776,6829,1669,11836,3,11,11,18,24,24
rolling/poisson,rolling-daily,poisson,rolling,Poisson 회귀 · 매일 보정,974,23373,7120,30.462499465194885,7.3100616016427109,7207,1632,12103,9,12,12,24,26,26
rolling/negative-binomial,rolling-daily,negative-binomial,rolling,음이항 회귀 · 매일 보정,974,23373,7246,31.001583023146367,7.4394250513347027,7674,1706,12792,14,12,12,30,30,30
rolling/svr,rolling-daily,svr,rolling,SVR · 매일 보정,974,23373,6824.2535650465379,29.197165811177591,7.0064204979943918,6573,1785,11928,5,8,8,21,22,22
rolling/knn,rolling-daily,knn,rolling,kNN · 매일 보정,974,23373,6767.9638275598281,28.95633349403084,6.9486281597123494,7179,1570,11889,5,8,8,19,20,20
rolling/random-forest,rolling-daily,random-forest,rolling,Random Forest 분위수숲 · 매일 보정,974,23373,6524,27.91254866726565,6.6981519507186862,6172,1602,10978,2,3,3,8,12,12
rolling/extra-trees,rolling-daily,extra-trees,rolling,Extra Trees 분위수숲 · 매일 보정,974,23373,6406,27.407692636803148,6.5770020533880906,5736,1735,10941,2,2,2,6,5,5
rolling/histogram-small,rolling-daily,histogram-small,rolling,히스토그램 부스팅 · 작은 나무 · 매일 보정,974,23373,6441.5516369541992,27.559798215694173,6.613502707345174,5814,1585,10569,1,2,2,1,9,9
rolling/histogram-medium,rolling-daily,histogram-medium,rolling,히스토그램 부스팅 · 중간 나무 · 매일 보정,974,23373,6475.0348648657564,27.703054228664513,6.6478797380551917,6257,1525,10832,2,3,3,3,10,10
rolling/histogram-large,rolling-daily,histogram-large,rolling,히스토그램 부스팅 · 큰 나무 · 매일 보정,974,23373,6612.5445428630992,28.291381264121416,6.7890601056089315,6371,1575,11096,2,5,5,11,14,14
rolling/lightgbm,rolling-daily,lightgbm,rolling,LightGBM · 매일 보정,974,23373,6428.1825079851296,27.502599187032601,6.5997767022434592,6411,1506,10929,2,2,2,5,8,8
rolling/xgboost,rolling-daily,xgboost,rolling,XGBoost · 매일 보정,974,23373,6419.6715359687805,27.466185495951656,6.5910385379556269,6460,1547,11101,2,2,2,12,7,7
rolling/catboost,rolling-daily,catboost,rolling,CatBoost 분위수 · 매일 보정,974,23373,6485.5865926278393,27.748199172668631,6.6587131341148247,5979,1633,10878,2,3,3,4,11,11
rolling/sarima,rolling-daily,sarima,rolling,SARIMA · 매일 보정,974,23373,6529.5916653345403,27.936472277134044,6.7038928802202671,6994,1606,11812,3,3,3,16,13,13
rolling/state-space,rolling-daily,state-space,rolling,구조적 상태공간 · 매일 보정,974,23373,6264.4055192617425,26.801889014083525,6.4316278431845406,6794,1492,11270,2,2,2,13,1,1
rolling/holt,rolling-daily,holt,rolling,감쇠 추세 Holt · 매일 보정,974,23373,6707.4664108007091,28.697498869638938,6.8865158221773193,7216,1787,12577,12,7,7,28,16,16
rolling/ou-sde,rolling-daily,ou-sde,rolling,OU 확률미분방정식 · 매일 보정,974,23373,6689.7619739287029,28.621751482174744,6.8683387822676618,6693,1711,11826,3,6,6,17,15,15
rolling/nonlinear-ode,rolling-daily,nonlinear-ode,rolling,비선형 3차 ODE · 매일 보정,974,23373,6715.0467906950435,28.729931077290221,6.894298553074993,6896,1717,12047,6,7,7,23,17,17
rolling/nonlinear-sde,rolling-daily,nonlinear-sde,rolling,비선형 3차 SDE · 매일 보정,974,23373,6747.3442954438424,28.868114043742107,6.9274582088745813,6794,1732,11990,5,7,7,22,19,19
rolling/mlp,rolling-daily,mlp,rolling,MLP · 매일 보정,974,23373,7180.2822497199759,30.720413510118409,7.3719530284599344,6575,1928,12359,11,12,12,25,28,28
rolling/lstm,rolling-daily,lstm,rolling,LSTM · 매일 보정,974,23373,6778.8609729757891,29.002956287065373,6.9598161940203171,6360,1855,11925,5,8,8,20,21,21
rolling/gru,rolling-daily,gru,rolling,GRU · 매일 보정,974,23373,7091.6791550411535,30.341330402777366,7.2809847587691516,7118,1829,12605,12,12,12,29,25,25
rolling/tcn,rolling-daily,tcn,rolling,TCN · 매일 보정,974,23373,7236.6007503584424,30.961368888711085,7.4297748976986062,6922,1876,12550,12,12,12,27,29,29
rolling/transformer,rolling-daily,transformer,rolling,Transformer · 매일 보정,974,23373,7169.2577973085054,30.673246041622832,7.3606342888177672,7071,1797,12462,11,12,12,26,27,27
rolling/neural-ode,rolling-daily,neural-ode,rolling,Neural ODE · 매일 보정,974,23373,6912.6682317045506,29.575442740360888,7.0971953097582654,6544,1688,11608,3,9,9,14,23,23
custom/custom-weekly-daily,custom-weekly-daily,custom-final,custom,최종 모델 · 매주 비중 + 매일 보정,974,23373,6033.9066886149731,25.815713381315934,6.1949760663398079,5915,1455,10280,1,1,1,1,1,1
custom/custom-daily-daily,custom-daily-daily,custom-final,custom,매일 비중 + 매일 보정,974,23373,6034.5368303137157,25.818409405355393,6.1956230290695231,5944,1452,10300,1,1,1,1,1,1
custom/custom-residual-only,custom-residual-only,custom-final,custom,기존 고정 비중 + 매일 보정,974,23373,6078.1774360443724,26.005123159390632,6.2404285791009979,5711,1535,10316,1,1,1,1,1,1
custom/custom-weights-only,custom-weights-only,custom-final,custom,매주 비중 + 기존 고정 보정자료,974,23373,6597.8625081201062,28.228565045651418,6.7739861479672552,5464,2013,11503,3,5,5,14,14,14
custom/custom-fixed56,custom-fixed56,custom-final,custom,56일 고정 비중 + 56일 고정 보정자료,974,23373,6659.0473269035838,28.490340679003911,6.8368042370673345,5845,1766,11143,2,6,6,13,15,15
custom/custom-matched-fixed,custom-matched-fixed,custom-final,custom,동일 초기조건 · 비중·보정자료 고정,974,23373,6646.5487561369719,28.436866282193009,6.8239720288880612,5833,1761,11116,2,6,6,13,15,15
custom/custom-matched-residual,custom-matched-residual,custom-final,custom,동일 초기조건 · 보정자료만 매일 갱신,974,23373,6041.9791268718245,25.850250831608371,6.203263990628157,5847,1479,10284,1,1,1,1,1,1
custom/custom-matched-weights,custom-matched-weights,custom-final,custom,동일 초기조건 · 비중만 매주 갱신,974,23373,6561.5870112259945,28.073362474761453,6.7367423113203229,6186,1573,10905,2,5,5,5,14,14
