splitId,date,product,residualFirstOutcome,residualLatestOutcome,residualRows,usedSparseFallback,newObservedHistoryUsed,correctionP50,correctionP75
split-1,2023-07-01,11,2023-05-06,2023-06-30,54,False,False,0.51023674011230469,-0.13887596130371094
split-1,2023-07-01,12,2023-05-06,2023-06-30,53,False,False,0.071408271789550781,-0.22995948791503906
split-1,2023-07-01,13,2023-05-06,2023-06-30,54,False,False,-1.3535518646240234,-2.0140657424926758
split-1,2023-07-01,21,2023-05-06,2023-06-30,54,False,False,-0.75203323364257812,-0.84696531295776367
split-1,2023-07-01,35,2023-05-06,2023-06-30,54,False,False,-1.1661405563354492,1.0181922912597656
split-1,2023-07-01,82,2023-05-06,2023-06-30,54,False,False,1.9452733993530273,0.55373191833496094
split-1,2023-07-02,11,2023-05-07,2023-07-01,54,False,True,0.51023674011230469,-0.13887596130371094
split-1,2023-07-02,12,2023-05-07,2023-07-01,53,False,True,0.31342601776123047,0.029720306396484375
split-1,2023-07-02,13,2023-05-07,2023-07-01,54,False,True,-1.3535518646240234,-2.0140657424926758
split-1,2023-07-02,21,2023-05-07,2023-07-01,54,False,True,-0.75203323364257812,-0.84696531295776367
split-1,2023-07-02,35,2023-05-07,2023-07-01,54,False,True,-1.7735509872436523,0.022541999816894531
split-1,2023-07-02,82,2023-05-07,2023-07-01,54,False,True,1.9452733993530273,0.55373191833496094
split-1,2023-07-03,11,2023-05-08,2023-07-02,54,False,True,0.51023674011230469,-0.13887596130371094
split-1,2023-07-03,12,2023-05-08,2023-07-02,53,False,True,0.31342601776123047,0.029720306396484375
split-1,2023-07-03,13,2023-05-08,2023-07-02,54,False,True,-1.2675533294677734,-1.7863554954528809
split-1,2023-07-03,21,2023-05-08,2023-07-02,54,False,True,-0.75203323364257812,-0.84696531295776367
split-1,2023-07-03,35,2023-05-08,2023-07-02,54,False,True,-1.1661405563354492,0.91678619384765625
split-1,2023-07-03,82,2023-05-08,2023-07-02,54,False,True,1.7778596878051758,0.41249752044677734
split-1,2023-07-04,11,2023-05-09,2023-07-03,54,False,True,0.51023674011230469,-0.13887596130371094
split-1,2023-07-04,12,2023-05-09,2023-07-03,53,False,True,0.071408271789550781,-0.22995948791503906
split-1,2023-07-04,13,2023-05-09,2023-07-03,54,False,True,-1.2675533294677734,-2.0140657424926758
split-1,2023-07-04,21,2023-05-09,2023-07-03,54,False,True,-0.87349367141723633,-1.3173060417175293
split-1,2023-07-04,35,2023-05-09,2023-07-03,54,False,True,-1.1661405563354492,1.18896484375
split-1,2023-07-04,82,2023-05-09,2023-07-03,54,False,True,1.7778596878051758,0.41249752044677734
split-1,2023-07-05,11,2023-05-10,2023-07-04,54,False,True,0.51023674011230469,-0.13887596130371094
split-1,2023-07-05,12,2023-05-10,2023-07-04,53,False,True,0.31342601776123047,-0.22995948791503906
split-1,2023-07-05,13,2023-05-10,2023-07-04,54,False,True,-0.81708335876464844,-2.0140657424926758
split-1,2023-07-05,21,2023-05-10,2023-07-04,54,False,True,-0.75203323364257812,-1.3173060417175293
split-1,2023-07-05,35,2023-05-10,2023-07-04,54,False,True,-0.38506031036376953,2.1071376800537109
split-1,2023-07-05,82,2023-05-10,2023-07-04,54,False,True,1.7778596878051758,0.41249752044677734
split-1,2023-07-06,11,2023-05-11,2023-07-05,54,False,True,0.60932636260986328,-0.085799217224121094
split-1,2023-07-06,12,2023-05-11,2023-07-05,53,False,True,0.31342601776123047,-0.22995948791503906
split-1,2023-07-06,13,2023-05-11,2023-07-05,54,False,True,-1.2675533294677734,-2.0140657424926758
split-1,2023-07-06,21,2023-05-11,2023-07-05,54,False,True,-0.75203323364257812,-1.3173060417175293
split-1,2023-07-06,35,2023-05-11,2023-07-05,54,False,True,0.073406219482421875,2.1071376800537109
split-1,2023-07-06,82,2023-05-11,2023-07-05,54,False,True,1.6417217254638672,0.41249752044677734
split-1,2023-07-07,11,2023-05-12,2023-07-06,54,False,True,0.65624094009399414,-0.085799217224121094
split-1,2023-07-07,12,2023-05-12,2023-07-06,53,False,True,0.31342601776123047,0.029720306396484375
split-1,2023-07-07,13,2023-05-12,2023-07-06,54,False,True,-1.1170310974121094,-2.0140657424926758
split-1,2023-07-07,21,2023-05-12,2023-07-06,54,False,True,-0.56779861450195312,-0.84696531295776367
split-1,2023-07-07,35,2023-05-12,2023-07-06,54,False,True,0.80681610107421875,2.1071376800537109
split-1,2023-07-07,82,2023-05-12,2023-07-06,54,False,True,1.8446998596191406,0.41249752044677734
split-1,2023-07-08,11,2023-05-13,2023-07-07,54,False,True,0.71710491180419922,-0.085799217224121094
split-1,2023-07-08,12,2023-05-13,2023-07-07,53,False,True,0.31342601776123047,0.029720306396484375
split-1,2023-07-08,13,2023-05-13,2023-07-07,54,False,True,-0.67808914184570312,-2.0140657424926758
split-1,2023-07-08,21,2023-05-13,2023-07-07,54,False,True,-0.56779861450195312,-0.84696531295776367
split-1,2023-07-08,35,2023-05-13,2023-07-07,54,False,True,0.80681610107421875,2.1071376800537109
split-1,2023-07-08,82,2023-05-13,2023-07-07,54,False,True,1.8773946762084961,0.41249752044677734
split-1,2023-07-09,11,2023-05-14,2023-07-08,54,False,True,0.7971959114074707,-0.0020852088928222656
split-1,2023-07-09,12,2023-05-14,2023-07-08,53,False,True,0.37036991119384766,0.44496726989746094
split-1,2023-07-09,13,2023-05-14,2023-07-08,54,False,True,0.030385017395019531,-1.9869232177734375
split-1,2023-07-09,21,2023-05-14,2023-07-08,54,False,True,-0.11241340637207031,0.46571159362792969
split-1,2023-07-09,35,2023-05-14,2023-07-08,54,False,True,1.5157604217529297,2.6012110710144043
split-1,2023-07-09,82,2023-05-14,2023-07-08,54,False,True,1.8773946762084961,0.1813507080078125
split-1,2023-07-10,11,2023-05-15,2023-07-09,54,False,True,0.7971959114074707,-0.0090994834899902344
split-1,2023-07-10,12,2023-05-15,2023-07-09,53,False,True,0.37036991119384766,0.029720306396484375
split-1,2023-07-10,13,2023-05-15,2023-07-09,54,False,True,0.52355670928955078,-1.7863554954528809
split-1,2023-07-10,21,2023-05-15,2023-07-09,54,False,True,-0.11241340637207031,0.46571159362792969
split-1,2023-07-10,35,2023-05-15,2023-07-09,54,False,True,2.0793609619140625,2.8344893455505371
split-1,2023-07-10,82,2023-05-15,2023-07-09,54,False,True,1.7099809646606445,0.1813507080078125
split-1,2023-07-11,11,2023-05-16,2023-07-10,54,False,True,0.71710491180419922,-0.13887596130371094
split-1,2023-07-11,12,2023-05-16,2023-07-10,53,False,True,0.37036991119384766,0.029720306396484375
split-1,2023-07-11,13,2023-05-16,2023-07-10,54,False,True,0.857757568359375,-1.7863554954528809
split-1,2023-07-11,21,2023-05-16,2023-07-10,54,False,True,0.436248779296875,2.3597488403320312
split-1,2023-07-11,35,2023-05-16,2023-07-10,54,False,True,2.0793609619140625,2.8344893455505371
split-1,2023-07-11,82,2023-05-16,2023-07-10,54,False,True,1.7099809646606445,0.1813507080078125
split-1,2023-07-12,11,2023-05-17,2023-07-11,54,False,True,0.7971959114074707,-0.0090994834899902344
split-1,2023-07-12,12,2023-05-17,2023-07-11,53,False,True,0.47622013092041016,0.029720306396484375
split-1,2023-07-12,13,2023-05-17,2023-07-11,54,False,True,1.2586841583251953,-1.7316756248474121
split-1,2023-07-12,21,2023-05-17,2023-07-11,54,False,True,0.9313507080078125,3.1165561676025391
split-1,2023-07-12,35,2023-05-17,2023-07-11,54,False,True,2.0793609619140625,3.0508112907409668
split-1,2023-07-12,82,2023-05-17,2023-07-11,54,False,True,1.7099809646606445,0.1813507080078125
split-1,2023-07-13,11,2023-05-18,2023-07-12,54,False,True,0.71710491180419922,-0.13887596130371094
split-1,2023-07-13,12,2023-05-18,2023-07-12,53,False,True,0.47622013092041016,0.029720306396484375
split-1,2023-07-13,13,2023-05-18,2023-07-12,54,False,True,1.2586841583251953,-1.7316756248474121
split-1,2023-07-13,21,2023-05-18,2023-07-12,54,False,True,0.436248779296875,2.6203250885009766
split-1,2023-07-13,35,2023-05-18,2023-07-12,54,False,True,1.5157604217529297,3.0508112907409668
split-1,2023-07-13,82,2023-05-18,2023-07-12,54,False,True,1.7099809646606445,0.1813507080078125
split-1,2023-07-14,11,2023-05-19,2023-07-13,54,False,True,0.7971959114074707,-0.0090994834899902344
split-1,2023-07-14,12,2023-05-19,2023-07-13,53,False,True,0.47622013092041016,0.029720306396484375
split-1,2023-07-14,13,2023-05-19,2023-07-13,54,False,True,1.2586841583251953,-1.7863554954528809
split-1,2023-07-14,21,2023-05-19,2023-07-13,54,False,True,0.436248779296875,3.3321852684020996
split-1,2023-07-14,35,2023-05-19,2023-07-13,54,False,True,1.5157604217529297,3.0508112907409668
split-1,2023-07-14,82,2023-05-19,2023-07-13,54,False,True,1.7099809646606445,0.1813507080078125
split-1,2023-07-15,11,2023-05-20,2023-07-14,54,False,True,0.71710491180419922,-0.13887596130371094
split-1,2023-07-15,12,2023-05-20,2023-07-14,53,False,True,0.37036991119384766,-0.22995948791503906
split-1,2023-07-15,13,2023-05-20,2023-07-14,54,False,True,0.77311229705810547,-1.9241323471069336
split-1,2023-07-15,21,2023-05-20,2023-07-14,54,False,True,0.436248779296875,2.6203250885009766
split-1,2023-07-15,35,2023-05-20,2023-07-14,54,False,True,1.5157604217529297,3.4245119094848633
split-1,2023-07-15,82,2023-05-20,2023-07-14,54,False,True,1.6417217254638672,-0.10188102722167969
split-1,2023-07-16,11,2023-05-21,2023-07-15,54,False,True,0.65624094009399414,-0.34152793884277344
split-1,2023-07-16,12,2023-05-21,2023-07-15,53,False,True,0.37036991119384766,-0.817291259765625
split-1,2023-07-16,13,2023-05-21,2023-07-15,54,False,True,0.37834644317626953,-1.9241323471069336
split-1,2023-07-16,21,2023-05-21,2023-07-15,54,False,True,-0.11241340637207031,0.46571159362792969
split-1,2023-07-16,35,2023-05-21,2023-07-15,54,False,True,1.5157604217529297,3.4245119094848633
split-1,2023-07-16,82,2023-05-21,2023-07-15,54,False,True,1.603851318359375,-0.35423564910888672
split-1,2023-07-17,11,2023-05-22,2023-07-16,54,False,True,0.71710491180419922,-0.34152793884277344
split-1,2023-07-17,12,2023-05-22,2023-07-16,53,False,True,0.31342601776123047,-0.817291259765625
split-1,2023-07-17,13,2023-05-22,2023-07-16,54,False,True,-0.33012771606445312,-2.1772012710571289
split-1,2023-07-17,21,2023-05-22,2023-07-16,54,False,True,0.436248779296875,2.4106206893920898
split-1,2023-07-17,35,2023-05-22,2023-07-16,54,False,True,0.80681610107421875,3.2967877388000488
split-1,2023-07-17,82,2023-05-22,2023-07-16,54,False,True,1.603851318359375,-0.10188102722167969
split-1,2023-07-18,11,2023-05-23,2023-07-17,54,False,True,0.71710491180419922,-0.34152793884277344
split-1,2023-07-18,12,2023-05-23,2023-07-17,53,False,True,0.31342601776123047,-0.817291259765625
split-1,2023-07-18,13,2023-05-23,2023-07-17,54,False,True,0.37834644317626953,-1.9241323471069336
split-1,2023-07-18,21,2023-05-23,2023-07-17,54,False,True,0.9313507080078125,3.1335134506225586
split-1,2023-07-18,35,2023-05-23,2023-07-17,54,False,True,1.5157604217529297,3.7004156112670898
split-1,2023-07-18,82,2023-05-23,2023-07-17,54,False,True,1.5627403259277344,-0.30702590942382812
split-1,2023-07-19,11,2023-05-24,2023-07-18,54,False,True,0.7971959114074707,-0.13887596130371094
split-1,2023-07-19,12,2023-05-24,2023-07-18,53,False,True,0.31342601776123047,-0.817291259765625
split-1,2023-07-19,13,2023-05-24,2023-07-18,54,False,True,0.77311229705810547,-1.7863554954528809
split-1,2023-07-19,21,2023-05-24,2023-07-18,54,False,True,1.6754608154296875,3.3321852684020996
split-1,2023-07-19,35,2023-05-24,2023-07-18,54,False,True,1.5157604217529297,3.8912553787231445
split-1,2023-07-19,82,2023-05-24,2023-07-18,54,False,True,1.5627403259277344,-0.30702590942382812
split-1,2023-07-20,11,2023-05-25,2023-07-19,54,False,True,1.011296272277832,-0.04666900634765625
split-1,2023-07-20,12,2023-05-25,2023-07-19,53,False,True,0.37036991119384766,-0.22995948791503906
split-1,2023-07-20,13,2023-05-25,2023-07-19,54,False,True,1.2586841583251953,-0.36536836624145508
split-1,2023-07-20,21,2023-05-25,2023-07-19,54,False,True,2.1882095336914062,3.3321852684020996
split-1,2023-07-20,35,2023-05-25,2023-07-19,54,False,True,2.2741622924804688,4.2787485122680664
split-1,2023-07-20,82,2023-05-25,2023-07-19,54,False,True,1.5627403259277344,-0.30702590942382812
split-1,2023-07-21,11,2023-05-26,2023-07-20,54,False,True,1.011296272277832,-0.04666900634765625
split-1,2023-07-21,12,2023-05-26,2023-07-20,53,False,True,0.31342601776123047,-0.22995948791503906
split-1,2023-07-21,13,2023-05-26,2023-07-20,54,False,True,1.2586841583251953,-0.36536836624145508
split-1,2023-07-21,21,2023-05-26,2023-07-20,54,False,True,2.1882095336914062,3.3321852684020996
split-1,2023-07-21,35,2023-05-26,2023-07-20,54,False,True,2.2741622924804688,4.2787485122680664
split-1,2023-07-21,82,2023-05-26,2023-07-20,54,False,True,1.5627403259277344,-0.30702590942382812
split-1,2023-07-22,11,2023-05-27,2023-07-21,54,False,True,0.7971959114074707,-0.13887596130371094
split-1,2023-07-22,12,2023-05-27,2023-07-21,53,False,True,0.21695137023925781,-0.817291259765625
split-1,2023-07-22,13,2023-05-27,2023-07-21,54,False,True,1.2586841583251953,-0.36536836624145508
split-1,2023-07-22,21,2023-05-27,2023-07-21,54,False,True,1.6754608154296875,3.2003822326660156
split-1,2023-07-22,35,2023-05-27,2023-07-21,54,False,True,1.5157604217529297,4.2787485122680664
split-1,2023-07-22,82,2023-05-27,2023-07-21,54,False,True,1.4696903228759766,-0.30702590942382812
split-1,2023-07-23,11,2023-05-28,2023-07-22,54,False,True,0.7971959114074707,-0.34152793884277344
split-1,2023-07-23,12,2023-05-28,2023-07-22,53,False,True,0.21695137023925781,-0.817291259765625
split-1,2023-07-23,13,2023-05-28,2023-07-22,54,False,True,0.77311229705810547,-1.7863554954528809
split-1,2023-07-23,21,2023-05-28,2023-07-22,54,False,True,1.6754608154296875,3.8745622634887695
split-1,2023-07-23,35,2023-05-28,2023-07-22,54,False,True,1.5157604217529297,4.2366809844970703
split-1,2023-07-23,82,2023-05-28,2023-07-22,54,False,True,1.4696903228759766,-0.30702590942382812
split-1,2023-07-24,11,2023-05-29,2023-07-23,54,False,True,0.7971959114074707,-0.90418815612792969
split-1,2023-07-24,12,2023-05-29,2023-07-23,53,False,True,0.21695137023925781,-0.817291259765625
split-1,2023-07-24,13,2023-05-29,2023-07-23,54,False,True,0.88057231903076172,-1.7863554954528809
split-1,2023-07-24,21,2023-05-29,2023-07-23,54,False,True,0.9313507080078125,3.2003822326660156
split-1,2023-07-24,35,2023-05-29,2023-07-23,54,False,True,1.6626014709472656,4.2366809844970703
split-1,2023-07-24,82,2023-05-29,2023-07-23,54,False,True,1.20135498046875,-0.30702590942382812
split-1,2023-07-25,11,2023-05-30,2023-07-24,54,False,True,0.71710491180419922,-1.6343460083007812
split-1,2023-07-25,13,2023-05-30,2023-07-24,54,False,True,0.88057231903076172,-1.7863554954528809
split-1,2023-07-25,21,2023-05-30,2023-07-24,54,False,True,0.9313507080078125,3.8745622634887695
split-1,2023-07-25,35,2023-05-30,2023-07-24,54,False,True,1.6626014709472656,4.2366809844970703
split-1,2023-07-25,82,2023-05-30,2023-07-24,54,False,True,1.20135498046875,-0.30702590942382812
split-1,2023-07-26,11,2023-05-31,2023-07-25,54,False,True,0.71710491180419922,-0.90418815612792969
split-1,2023-07-26,13,2023-05-31,2023-07-25,54,False,True,0.88057231903076172,-0.36536836624145508
split-1,2023-07-26,21,2023-05-31,2023-07-25,54,False,True,0.9313507080078125,3.8745622634887695
split-1,2023-07-26,35,2023-05-31,2023-07-25,54,False,True,1.6626014709472656,4.2366809844970703
split-1,2023-07-26,82,2023-05-31,2023-07-25,54,False,True,0.94935703277587891,-0.30702590942382812
split-1,2023-07-27,11,2023-06-01,2023-07-26,54,False,True,0.71710491180419922,-0.90418815612792969
split-1,2023-07-27,12,2023-06-01,2023-07-24,51,False,True,-0.18370628356933594,-0.82788276672363281
split-1,2023-07-27,13,2023-06-01,2023-07-26,54,False,True,1.0319433212280273,0.043178558349609375
split-1,2023-07-27,21,2023-06-01,2023-07-26,54,False,True,0.66941070556640625,3.8745622634887695
split-1,2023-07-27,35,2023-06-01,2023-07-26,54,False,True,1.6626014709472656,4.2366809844970703
split-1,2023-07-27,82,2023-06-01,2023-07-26,54,False,True,0.94935703277587891,-0.92819690704345703
split-1,2023-07-28,11,2023-06-02,2023-07-27,54,False,True,0.71710491180419922,-0.90418815612792969
split-1,2023-07-28,12,2023-06-02,2023-07-27,51,False,True,-0.19521713256835938,-0.82788276672363281
split-1,2023-07-28,13,2023-06-02,2023-07-27,54,False,True,0.5463714599609375,0.043178558349609375
split-1,2023-07-28,21,2023-06-02,2023-07-27,54,False,True,-0.28107643127441406,3.8745622634887695
split-1,2023-07-28,35,2023-06-02,2023-07-27,54,False,True,1.6626014709472656,4.2366809844970703
split-1,2023-07-28,82,2023-06-02,2023-07-27,54,False,True,0.88070774078369141,-0.92819690704345703
split-1,2023-07-29,11,2023-06-03,2023-07-28,54,False,True,0.71710491180419922,-0.90418815612792969
split-1,2023-07-29,12,2023-06-03,2023-07-28,51,False,True,-0.21699142456054688,-0.82788276672363281
split-1,2023-07-29,13,2023-06-03,2023-07-28,54,False,True,0.5463714599609375,0.043178558349609375
split-1,2023-07-29,21,2023-06-03,2023-07-28,54,False,True,-0.28107643127441406,3.8745622634887695
split-1,2023-07-29,35,2023-06-03,2023-07-28,54,False,True,1.6626014709472656,4.2366809844970703
split-1,2023-07-29,82,2023-06-03,2023-07-28,54,False,True,0.81792449951171875,-1.0483150482177734
split-1,2023-07-30,11,2023-06-04,2023-07-29,54,False,True,0.59131097793579102,-1.6343460083007812
split-1,2023-07-30,12,2023-06-04,2023-07-29,51,False,True,-0.21699142456054688,-0.82788276672363281
split-1,2023-07-30,13,2023-06-04,2023-07-29,54,False,True,0.37834644317626953,0.043178558349609375
split-1,2023-07-30,21,2023-06-04,2023-07-29,54,False,True,-0.28107643127441406,3.2003822326660156
split-1,2023-07-30,35,2023-06-04,2023-07-29,54,False,True,1.6626014709472656,4.2366809844970703
split-1,2023-07-30,82,2023-06-04,2023-07-29,54,False,True,0.70912647247314453,-1.0483150482177734
split-1,2023-07-31,11,2023-06-05,2023-07-30,54,False,True,0.71710491180419922,-0.90418815612792969
split-1,2023-07-31,12,2023-06-05,2023-07-30,51,False,True,-0.19521713256835938,-0.52362537384033203
split-1,2023-07-31,13,2023-06-05,2023-07-30,54,False,True,0.5463714599609375,0.47052669525146484
split-1,2023-07-31,21,2023-06-05,2023-07-30,54,False,True,-0.28107643127441406,3.2003822326660156
split-1,2023-07-31,35,2023-06-05,2023-07-30,54,False,True,2.2741622924804688,4.2366809844970703
split-1,2023-07-31,82,2023-06-05,2023-07-30,54,False,True,0.88070774078369141,-0.92819690704345703
split-1,2023-08-01,11,2023-06-06,2023-07-31,54,False,True,0.59131097793579102,-1.6343460083007812
split-1,2023-08-01,12,2023-06-06,2023-07-31,51,False,True,-0.18370628356933594,0.10750389099121094
split-1,2023-08-01,13,2023-06-06,2023-07-31,54,False,True,0.37834644317626953,0.47052669525146484
split-1,2023-08-01,21,2023-06-06,2023-07-31,54,False,True,-0.28107643127441406,3.2003822326660156
split-1,2023-08-01,35,2023-06-06,2023-07-31,54,False,True,2.2741622924804688,4.5034675598144531
split-1,2023-08-01,82,2023-06-06,2023-07-31,54,False,True,0.70912647247314453,-0.92819690704345703
split-1,2023-08-02,11,2023-06-07,2023-08-01,54,False,True,0.71710491180419922,-1.6343460083007812
split-1,2023-08-02,12,2023-06-07,2023-08-01,51,False,True,-0.19521713256835938,0.10750389099121094
split-1,2023-08-02,13,2023-06-07,2023-08-01,54,False,True,0.5463714599609375,0.47052669525146484
split-1,2023-08-02,21,2023-06-07,2023-08-01,54,False,True,-0.28107643127441406,3.2003822326660156
split-1,2023-08-02,35,2023-06-07,2023-08-01,54,False,True,1.6626014709472656,4.5034675598144531
split-1,2023-08-02,82,2023-06-07,2023-08-01,54,False,True,0.6558685302734375,-0.92819690704345703
split-1,2023-08-03,11,2023-06-08,2023-08-02,54,False,True,0.59131097793579102,-1.6552681922912598
split-1,2023-08-03,12,2023-06-08,2023-08-02,51,False,True,-0.21699142456054688,-0.52362537384033203
split-1,2023-08-03,13,2023-06-08,2023-08-02,54,False,True,0.37834644317626953,0.47052669525146484
split-1,2023-08-03,21,2023-06-08,2023-08-02,54,False,True,-0.28107643127441406,3.2003822326660156
split-1,2023-08-03,35,2023-06-08,2023-08-02,54,False,True,1.92340087890625,4.5034675598144531
split-1,2023-08-03,82,2023-06-08,2023-08-02,54,False,True,0.6558685302734375,-1.0483150482177734
split-1,2023-08-04,11,2023-06-09,2023-08-03,54,False,True,0.59131097793579102,-1.6552681922912598
split-1,2023-08-04,12,2023-06-09,2023-08-03,51,False,True,-0.32254600524902344,-0.52362537384033203
split-1,2023-08-04,13,2023-06-09,2023-08-03,54,False,True,0.37834644317626953,0.47052669525146484
split-1,2023-08-04,21,2023-06-09,2023-08-03,54,False,True,-0.28107643127441406,3.2003822326660156
split-1,2023-08-04,35,2023-06-09,2023-08-03,54,False,True,1.92340087890625,4.5034675598144531
split-1,2023-08-04,82,2023-06-09,2023-08-03,54,False,True,0.55842113494873047,-1.0483150482177734
split-1,2023-08-05,11,2023-06-10,2023-08-04,54,False,True,0.44057273864746094,-1.7515354156494141
split-1,2023-08-05,12,2023-06-10,2023-08-04,51,False,True,-0.37711811065673828,-0.52362537384033203
split-1,2023-08-05,13,2023-06-10,2023-08-04,54,False,True,0.37834644317626953,0.043178558349609375
split-1,2023-08-05,21,2023-06-10,2023-08-04,54,False,True,-0.74267768859863281,3.2003822326660156
split-1,2023-08-05,35,2023-06-10,2023-08-04,54,False,True,2.5006332397460938,4.7400302886962891
split-1,2023-08-05,82,2023-06-10,2023-08-04,54,False,True,0.52821063995361328,-1.0483150482177734
split-1,2023-08-06,11,2023-06-12,2023-08-05,54,False,True,0.44057273864746094,-1.9672579765319824
split-1,2023-08-06,12,2023-06-12,2023-08-05,51,False,True,-0.37711811065673828,-0.52362537384033203
split-1,2023-08-06,13,2023-06-12,2023-08-05,54,False,True,0.37834644317626953,0.043178558349609375
split-1,2023-08-06,21,2023-06-12,2023-08-05,54,False,True,-0.74267768859863281,3.2003822326660156
split-1,2023-08-06,35,2023-06-12,2023-08-05,54,False,True,2.5006332397460938,4.7400302886962891
split-1,2023-08-06,82,2023-06-12,2023-08-05,54,False,True,0.52821063995361328,-1.0483150482177734
split-1,2023-08-07,11,2023-06-12,2023-08-06,55,False,True,0.40038681030273438,-2.0519914627075195
split-1,2023-08-07,12,2023-06-12,2023-08-06,52,False,True,-0.62018537521362305,-0.67045831680297852
split-1,2023-08-07,13,2023-06-12,2023-08-06,55,False,True,0.31778144836425781,-0.013675689697265625
split-1,2023-08-07,21,2023-06-12,2023-08-06,55,False,True,-0.74889373779296875,3.1973495483398438
split-1,2023-08-07,35,2023-06-12,2023-08-06,55,False,True,2.149871826171875,4.6733512878417969
split-1,2023-08-07,82,2023-06-12,2023-08-06,55,False,True,0.50786590576171875,-1.0783767700195312
split-1,2023-08-08,11,2023-06-13,2023-08-07,55,False,True,0.40038681030273438,-1.7951984405517578
split-1,2023-08-08,12,2023-06-13,2023-08-07,52,False,True,-0.34983205795288086,0.010520219802856445
split-1,2023-08-08,13,2023-06-13,2023-08-07,55,False,True,0.43891143798828125,-0.013675689697265625
split-1,2023-08-08,21,2023-06-13,2023-08-07,55,False,True,-0.73646163940429688,3.6508464813232422
split-1,2023-08-08,35,2023-06-13,2023-08-07,55,False,True,2.149871826171875,4.4669418334960938
split-1,2023-08-08,82,2023-06-13,2023-08-07,55,False,True,0.50786590576171875,-1.3751258850097656
split-1,2023-08-09,11,2023-06-14,2023-08-08,55,False,True,0.38692474365234375,-2.2488994598388672
split-1,2023-08-09,12,2023-06-14,2023-08-08,52,False,True,-0.34983205795288086,0.010520219802856445
split-1,2023-08-09,13,2023-06-14,2023-08-08,55,False,True,0.43891143798828125,-0.013675689697265625
split-1,2023-08-09,21,2023-06-14,2023-08-08,55,False,True,-0.73646163940429688,3.1973495483398438
split-1,2023-08-09,35,2023-06-14,2023-08-08,55,False,True,2.149871826171875,4.6733512878417969
split-1,2023-08-09,82,2023-06-14,2023-08-08,55,False,True,0.50786590576171875,-1.3751258850097656
split-1,2023-08-10,11,2023-06-15,2023-08-09,55,False,True,0.38692474365234375,-2.2488994598388672
split-1,2023-08-10,12,2023-06-15,2023-08-09,52,False,True,-0.34983205795288086,0.010520219802856445
split-1,2023-08-10,13,2023-06-15,2023-08-09,55,False,True,0.43891143798828125,-0.013675689697265625
split-1,2023-08-10,21,2023-06-15,2023-08-09,55,False,True,-0.73646163940429688,3.1973495483398438
split-1,2023-08-10,35,2023-06-15,2023-08-09,55,False,True,2.149871826171875,4.6733512878417969
split-1,2023-08-10,82,2023-06-15,2023-08-09,55,False,True,0.50786590576171875,-1.3751258850097656
split-1,2023-08-11,11,2023-06-16,2023-08-10,55,False,True,0.40038681030273438,-1.7951984405517578
split-1,2023-08-11,12,2023-06-16,2023-08-10,52,False,True,-0.26976871490478516,0.75760102272033691
split-1,2023-08-11,13,2023-06-16,2023-08-10,55,False,True,0.65383148193359375,0.69213294982910156
split-1,2023-08-11,21,2023-06-16,2023-08-10,55,False,True,0.17430877685546875,3.6508464813232422
split-1,2023-08-11,35,2023-06-16,2023-08-10,55,False,True,2.8513946533203125,4.92584228515625
split-1,2023-08-11,82,2023-06-16,2023-08-10,55,False,True,0.50786590576171875,-1.3751258850097656
split-1,2023-08-12,11,2023-06-17,2023-08-11,55,False,True,0.38692474365234375,-1.7951984405517578
split-1,2023-08-12,12,2023-06-17,2023-08-11,52,False,True,-0.20610427856445312,0.75760102272033691
split-1,2023-08-12,13,2023-06-17,2023-08-11,55,False,True,0.43891143798828125,0.69213294982910156
split-1,2023-08-12,21,2023-06-17,2023-08-11,55,False,True,1.3149261474609375,3.6508464813232422
split-1,2023-08-12,35,2023-06-17,2023-08-11,55,False,True,2.8513946533203125,4.92584228515625
split-1,2023-08-12,82,2023-06-17,2023-08-11,55,False,True,0.50786590576171875,-1.3751258850097656
split-1,2023-08-13,11,2023-06-18,2023-08-12,55,False,True,0.40038681030273438,-1.7951984405517578
split-1,2023-08-13,12,2023-06-19,2023-08-12,52,False,True,-0.20610427856445312,0.75760102272033691
split-1,2023-08-13,13,2023-06-18,2023-08-12,55,False,True,0.43891143798828125,0.57842445373535156
split-1,2023-08-13,21,2023-06-18,2023-08-12,55,False,True,1.3149261474609375,3.6508464813232422
split-1,2023-08-13,35,2023-06-18,2023-08-12,55,False,True,2.8513946533203125,4.92584228515625
split-1,2023-08-13,82,2023-06-18,2023-08-12,55,False,True,0.54855537414550781,-1.0183391571044922
split-1,2023-08-14,11,2023-06-19,2023-08-13,55,False,True,0.4807586669921875,-1.7951984405517578
split-1,2023-08-14,12,2023-06-19,2023-08-13,53,False,True,-0.19521713256835938,0.73195934295654297
split-1,2023-08-14,13,2023-06-19,2023-08-13,55,False,True,0.43891143798828125,0.57842445373535156
split-1,2023-08-14,21,2023-06-19,2023-08-13,55,False,True,1.3149261474609375,3.6508464813232422
split-1,2023-08-14,35,2023-06-19,2023-08-13,55,False,True,2.8513946533203125,4.92584228515625
split-1,2023-08-14,82,2023-06-19,2023-08-13,55,False,True,0.54855537414550781,-1.0183391571044922
split-1,2023-08-15,11,2023-06-20,2023-08-14,55,False,True,0.73234653472900391,-1.6728029251098633
split-1,2023-08-15,12,2023-06-20,2023-08-14,53,False,True,-0.19521713256835938,0.83452606201171875
split-1,2023-08-15,13,2023-06-20,2023-08-14,55,False,True,0.65383148193359375,1.4511699676513672
split-1,2023-08-15,21,2023-06-20,2023-08-14,55,False,True,2.0146636962890625,4.1004505157470703
split-1,2023-08-15,35,2023-06-20,2023-08-14,55,False,True,3.0651741027832031,5.1103591918945312
split-1,2023-08-15,82,2023-06-20,2023-08-14,55,False,True,0.54855537414550781,-1.3751258850097656
split-1,2023-08-16,11,2023-06-21,2023-08-15,55,False,True,0.76398277282714844,-1.6728029251098633
split-1,2023-08-16,12,2023-06-21,2023-08-15,53,False,True,0.21695137023925781,0.8540802001953125
split-1,2023-08-16,13,2023-06-21,2023-08-15,55,False,True,1.4100551605224609,1.4511699676513672
split-1,2023-08-16,21,2023-06-21,2023-08-15,55,False,True,2.0146636962890625,4.1004505157470703
split-1,2023-08-16,35,2023-06-21,2023-08-15,55,False,True,4.2346611022949219,5.1103591918945312
split-1,2023-08-16,82,2023-06-21,2023-08-15,55,False,True,0.50786590576171875,-1.5900173187255859
split-1,2023-08-17,11,2023-06-22,2023-08-16,55,False,True,0.73234653472900391,-1.6728029251098633
split-1,2023-08-17,12,2023-06-22,2023-08-16,53,False,True,-0.19521713256835938,0.83452606201171875
split-1,2023-08-17,13,2023-06-22,2023-08-16,55,False,True,1.6309757232666016,2.1027736663818359
split-1,2023-08-17,21,2023-06-22,2023-08-16,55,False,True,2.0146636962890625,4.1004505157470703
split-1,2023-08-17,35,2023-06-22,2023-08-16,55,False,True,4.2346611022949219,5.1103591918945312
split-1,2023-08-17,82,2023-06-22,2023-08-16,55,False,True,0.50786590576171875,-1.5900173187255859
split-1,2023-08-18,11,2023-06-23,2023-08-17,55,False,True,0.52345657348632812,-1.6728029251098633
split-1,2023-08-18,12,2023-06-23,2023-08-17,53,False,True,-0.21699142456054688,0.73195934295654297
split-1,2023-08-18,13,2023-06-23,2023-08-17,55,False,True,2.9032058715820312,2.719721794128418
split-1,2023-08-18,21,2023-06-23,2023-08-17,55,False,True,2.0146636962890625,4.1004505157470703
split-1,2023-08-18,35,2023-06-23,2023-08-17,55,False,True,4.3271408081054688,5.4572982788085938
split-1,2023-08-18,82,2023-06-23,2023-08-17,55,False,True,0.54855537414550781,-1.0183391571044922
split-1,2023-08-19,11,2023-06-25,2023-08-18,55,False,True,0.4807586669921875,-1.7951984405517578
split-1,2023-08-19,12,2023-06-25,2023-08-18,53,False,True,-0.19521713256835938,0.73195934295654297
split-1,2023-08-19,13,2023-06-25,2023-08-18,55,False,True,2.9238948822021484,2.719721794128418
split-1,2023-08-19,21,2023-06-25,2023-08-18,55,False,True,1.3149261474609375,4.1004505157470703
split-1,2023-08-19,35,2023-06-25,2023-08-18,55,False,True,4.3271408081054688,5.4572982788085938
split-1,2023-08-19,82,2023-06-25,2023-08-18,55,False,True,0.54855537414550781,-1.0183391571044922
split-1,2023-08-20,11,2023-06-25,2023-08-19,56,False,True,0.50210762023925781,-1.6903376579284668
split-1,2023-08-20,12,2023-06-25,2023-08-19,54,False,True,0.010867118835449219,0.67471432685852051
split-1,2023-08-20,13,2023-06-25,2023-08-19,56,False,True,3.0368251800537109,2.6535811424255371
split-1,2023-08-20,21,2023-06-25,2023-08-19,56,False,True,1.664794921875,4.0993642807006836
split-1,2023-08-20,35,2023-06-25,2023-08-19,56,False,True,4.2809009552001953,5.3165206909179688
split-1,2023-08-20,82,2023-06-25,2023-08-19,56,False,True,0.52821063995361328,-1.0784196853637695
split-1,2023-08-21,11,2023-06-26,2023-08-20,56,False,True,0.50210762023925781,-1.6903376579284668
split-1,2023-08-21,12,2023-06-26,2023-08-20,54,False,True,0.3616180419921875,0.67471432685852051
split-1,2023-08-21,13,2023-06-26,2023-08-20,56,False,True,2.9135503768920898,1.8604402542114258
split-1,2023-08-21,21,2023-06-26,2023-08-20,56,False,True,2.1023368835449219,4.0993642807006836
split-1,2023-08-21,35,2023-06-26,2023-08-20,56,False,True,3.6499176025390625,5.3165206909179688
split-1,2023-08-21,82,2023-06-26,2023-08-20,56,False,True,0.52821063995361328,-1.7556953430175781
split-1,2023-08-22,11,2023-06-27,2023-08-21,56,False,True,0.50210762023925781,-1.5280961990356445
split-1,2023-08-22,12,2023-06-27,2023-08-21,54,False,True,0.3616180419921875,0.8088843822479248
split-1,2023-08-22,13,2023-06-27,2023-08-21,56,False,True,3.0368251800537109,1.8604402542114258
split-1,2023-08-22,21,2023-06-27,2023-08-21,56,False,True,2.2382316589355469,4.7737793922424316
split-1,2023-08-22,35,2023-06-27,2023-08-21,56,False,True,3.6499176025390625,5.3165206909179688
split-1,2023-08-22,82,2023-06-27,2023-08-21,56,False,True,0.52821063995361328,-0.89541816711425781
split-1,2023-08-23,11,2023-06-28,2023-08-22,56,False,True,0.62790155410766602,-0.90604114532470703
split-1,2023-08-23,12,2023-06-28,2023-08-22,54,False,True,0.3616180419921875,0.8088843822479248
split-1,2023-08-23,13,2023-06-28,2023-08-22,56,False,True,3.0368251800537109,1.8604402542114258
split-1,2023-08-23,21,2023-06-28,2023-08-22,56,False,True,2.1023368835449219,4.7737793922424316
split-1,2023-08-23,35,2023-06-28,2023-08-22,56,False,True,3.6499176025390625,5.3165206909179688
split-1,2023-08-23,82,2023-06-28,2023-08-22,56,False,True,0.52821063995361328,-0.89541816711425781
split-1,2023-08-24,11,2023-06-29,2023-08-23,56,False,True,0.62790155410766602,-0.90604114532470703
split-1,2023-08-24,12,2023-06-29,2023-08-23,54,False,True,0.5473027229309082,0.8088843822479248
split-1,2023-08-24,13,2023-06-29,2023-08-23,56,False,True,3.2743902206420898,2.6535811424255371
split-1,2023-08-24,21,2023-06-29,2023-08-23,56,False,True,2.1023368835449219,4.7737793922424316
split-1,2023-08-24,35,2023-06-29,2023-08-23,56,False,True,3.6499176025390625,5.3165206909179688
split-1,2023-08-24,82,2023-06-29,2023-08-23,56,False,True,0.48722553253173828,-0.89541816711425781
split-1,2023-08-25,11,2023-06-30,2023-08-24,56,False,True,0.64371967315673828,-0.90604114532470703
split-1,2023-08-25,12,2023-06-30,2023-08-24,54,False,True,0.65654516220092773,0.8088843822479248
split-1,2023-08-25,13,2023-06-30,2023-08-24,56,False,True,3.2743902206420898,2.6535811424255371
split-1,2023-08-25,21,2023-06-30,2023-08-24,56,False,True,2.2382316589355469,5.3305888175964355
split-1,2023-08-25,35,2023-06-30,2023-08-24,56,False,True,3.6499176025390625,5.3165206909179688
split-1,2023-08-25,82,2023-06-30,2023-08-24,56,False,True,0.30082798004150391,-1.7556953430175781
split-1,2023-08-26,11,2023-07-01,2023-08-25,56,False,True,0.81301403045654297,-0.90604114532470703
split-1,2023-08-26,12,2023-07-01,2023-08-25,54,False,True,0.65654516220092773,0.8088843822479248
split-1,2023-08-26,13,2023-07-01,2023-08-25,56,False,True,3.0368251800537109,1.8604402542114258
split-1,2023-08-26,21,2023-07-01,2023-08-25,56,False,True,2.1023368835449219,4.2882261276245117
split-1,2023-08-26,35,2023-07-01,2023-08-25,56,False,True,3.1922664642333984,5.3165206909179688
split-1,2023-08-26,82,2023-07-01,2023-08-25,56,False,True,0.32146835327148438,-1.7556953430175781
split-1,2023-08-27,11,2023-07-02,2023-08-26,56,False,True,0.81301403045654297,-0.90604114532470703
split-1,2023-08-27,12,2023-07-02,2023-08-26,54,False,True,0.5473027229309082,0.67471432685852051
split-1,2023-08-27,13,2023-07-02,2023-08-26,56,False,True,3.0368251800537109,1.8604402542114258
split-1,2023-08-27,21,2023-07-02,2023-08-26,56,False,True,2.1023368835449219,4.2882261276245117
split-1,2023-08-27,35,2023-07-02,2023-08-26,56,False,True,3.1922664642333984,5.3165206909179688
split-1,2023-08-27,82,2023-07-02,2023-08-26,56,False,True,-0.11867713928222656,-1.7556953430175781
split-1,2023-08-28,11,2023-07-03,2023-08-27,56,False,True,0.81301403045654297,-0.90604114532470703
split-1,2023-08-28,12,2023-07-03,2023-08-27,54,False,True,0.5473027229309082,0.67471432685852051
split-1,2023-08-28,13,2023-07-03,2023-08-27,56,False,True,3.0368251800537109,1.8604402542114258
split-1,2023-08-28,21,2023-07-03,2023-08-27,56,False,True,2.1023368835449219,4.2882261276245117
split-1,2023-08-28,35,2023-07-03,2023-08-27,56,False,True,1.8945884704589844,5.3165206909179688
split-1,2023-08-28,82,2023-07-03,2023-08-27,56,False,True,0.32146835327148438,-1.7556953430175781
split-1,2023-08-29,11,2023-07-04,2023-08-28,56,False,True,0.81301403045654297,-0.90604114532470703
split-1,2023-08-29,12,2023-07-04,2023-08-28,54,False,True,0.65654516220092773,0.8088843822479248
split-1,2023-08-29,13,2023-07-04,2023-08-28,56,False,True,3.0368251800537109,2.9369878768920898
split-1,2023-08-29,21,2023-07-04,2023-08-28,56,False,True,2.2382316589355469,4.2882261276245117
split-1,2023-08-29,35,2023-07-04,2023-08-28,56,False,True,1.8945884704589844,5.077667236328125
split-1,2023-08-29,82,2023-07-04,2023-08-28,56,False,True,0.32146835327148438,-0.89541816711425781
split-1,2023-08-30,11,2023-07-05,2023-08-29,56,False,True,0.81301403045654297,-0.90604114532470703
split-1,2023-08-30,12,2023-07-05,2023-08-29,54,False,True,0.5473027229309082,0.8088843822479248
split-1,2023-08-30,13,2023-07-05,2023-08-29,56,False,True,3.0264806747436523,2.9369878768920898
split-1,2023-08-30,21,2023-07-05,2023-08-29,56,False,True,2.2382316589355469,4.2882261276245117
split-1,2023-08-30,35,2023-07-05,2023-08-29,56,False,True,1.8945884704589844,5.077667236328125
split-1,2023-08-30,82,2023-07-05,2023-08-29,56,False,True,-0.11867713928222656,-0.89541816711425781
split-1,2023-08-31,11,2023-07-06,2023-08-30,56,False,True,0.81301403045654297,-0.90604114532470703
split-1,2023-08-31,12,2023-07-06,2023-08-30,54,False,True,0.70577812194824219,0.8088843822479248
split-1,2023-08-31,13,2023-07-06,2023-08-30,56,False,True,3.2743902206420898,4.0009622573852539
split-1,2023-08-31,21,2023-07-06,2023-08-30,56,False,True,2.1505584716796875,4.2882261276245117
split-1,2023-08-31,35,2023-07-06,2023-08-30,56,False,True,3.1922664642333984,5.077667236328125
split-1,2023-08-31,82,2023-07-06,2023-08-30,56,False,True,-0.11867713928222656,-0.89541816711425781
split-2,2023-09-01,11,2023-07-07,2023-08-31,56,False,False,0.81301403045654297,0.04343414306640625
split-2,2023-09-01,12,2023-07-07,2023-08-31,54,False,False,0.5473027229309082,0.75163936614990234
split-2,2023-09-01,13,2023-07-07,2023-08-31,56,False,False,3.3564395904541016,4.0009622573852539
split-2,2023-09-01,21,2023-07-07,2023-08-31,56,False,False,1.664794921875,4.0993642807006836
split-2,2023-09-01,35,2023-07-07,2023-08-31,56,False,False,1.8945884704589844,5.077667236328125
split-2,2023-09-01,82,2023-07-07,2023-08-31,56,False,False,-0.11867713928222656,-0.77679634094238281
split-2,2023-09-02,11,2023-07-08,2023-09-01,56,False,True,1.1192941665649414,0.18668842315673828
split-2,2023-09-02,12,2023-07-08,2023-09-01,54,False,True,0.5473027229309082,0.75163936614990234
split-2,2023-09-02,13,2023-07-08,2023-09-01,56,False,True,3.3564395904541016,4.0009622573852539
split-2,2023-09-02,21,2023-07-08,2023-09-01,56,False,True,2.1505584716796875,4.0993642807006836
split-2,2023-09-02,35,2023-07-08,2023-09-01,56,False,True,3.2385063171386719,5.077667236328125
split-2,2023-09-02,82,2023-07-08,2023-09-01,56,False,True,-0.11867713928222656,-0.35181522369384766
split-2,2023-09-03,11,2023-07-09,2023-09-02,56,False,True,0.64371967315673828,0.021140098571777344
split-2,2023-09-03,12,2023-07-09,2023-09-02,54,False,True,0.40799283981323242,0.45360565185546875
split-2,2023-09-03,13,2023-07-09,2023-09-02,56,False,True,3.3564395904541016,4.0009622573852539
split-2,2023-09-03,21,2023-07-09,2023-09-02,56,False,True,1.664794921875,3.6344375610351562
split-2,2023-09-03,35,2023-07-09,2023-09-02,56,False,True,1.8945884704589844,5.077667236328125
split-2,2023-09-03,82,2023-07-09,2023-09-02,56,False,True,-0.39531230926513672,-0.77679634094238281
split-2,2023-09-04,11,2023-07-10,2023-09-03,56,False,True,0.50210762023925781,0.021140098571777344
split-2,2023-09-04,12,2023-07-10,2023-09-03,54,False,True,0.26332616806030273,0.45360565185546875
split-2,2023-09-04,13,2023-07-10,2023-09-03,56,False,True,3.2318048477172852,2.9369878768920898
split-2,2023-09-04,21,2023-07-10,2023-09-03,56,False,True,1.664794921875,3.6344375610351562
split-2,2023-09-04,35,2023-07-10,2023-09-03,56,False,True,1.6337890625,4.8662757873535156
split-2,2023-09-04,82,2023-07-10,2023-09-03,56,False,True,-0.47650909423828125,-0.77679634094238281
split-2,2023-09-05,11,2023-07-11,2023-09-04,56,False,True,0.64371967315673828,0.18668842315673828
split-2,2023-09-05,12,2023-07-11,2023-09-04,54,False,True,0.26332616806030273,0.45360565185546875
split-2,2023-09-05,13,2023-07-11,2023-09-04,56,False,True,3.2318048477172852,4.0009622573852539
split-2,2023-09-05,21,2023-07-11,2023-09-04,56,False,True,1.664794921875,3.6344375610351562
split-2,2023-09-05,35,2023-07-11,2023-09-04,56,False,True,1.6337890625,4.8662757873535156
split-2,2023-09-05,82,2023-07-11,2023-09-04,56,False,True,-0.47650909423828125,-0.77679634094238281
split-2,2023-09-06,11,2023-07-12,2023-09-05,56,False,True,0.64371967315673828,0.021140098571777344
split-2,2023-09-06,12,2023-07-12,2023-09-05,54,False,True,0.040737152099609375,0.45360565185546875
split-2,2023-09-06,13,2023-07-12,2023-09-05,56,False,True,2.6778621673583984,2.9369878768920898
split-2,2023-09-06,21,2023-07-12,2023-09-05,56,False,True,1.1301975250244141,3.47747802734375
split-2,2023-09-06,35,2023-07-12,2023-09-05,56,False,True,1.3199653625488281,4.6066722869873047
split-2,2023-09-06,82,2023-07-12,2023-09-05,56,False,True,-0.47650909423828125,-0.77679634094238281
split-2,2023-09-07,11,2023-07-13,2023-09-06,56,False,True,0.64371967315673828,0.021140098571777344
split-2,2023-09-07,12,2023-07-13,2023-09-06,54,False,True,0.040737152099609375,0.45360565185546875
split-2,2023-09-07,13,2023-07-13,2023-09-06,56,False,True,2.6778621673583984,2.9369878768920898
split-2,2023-09-07,21,2023-07-13,2023-09-06,56,False,True,1.1301975250244141,3.47747802734375
split-2,2023-09-07,35,2023-07-13,2023-09-06,56,False,True,1.3199653625488281,4.6066722869873047
split-2,2023-09-07,82,2023-07-13,2023-09-06,56,False,True,-0.47650909423828125,-0.77679634094238281
split-2,2023-09-08,11,2023-07-14,2023-09-07,56,False,True,0.64371967315673828,-0.50654220581054688
split-2,2023-09-08,12,2023-07-14,2023-09-07,54,False,True,0.040737152099609375,0.45360565185546875
split-2,2023-09-08,13,2023-07-14,2023-09-07,56,False,True,1.9184722900390625,2.9369878768920898
split-2,2023-09-08,21,2023-07-14,2023-09-07,56,False,True,1.1301975250244141,3.2626371383666992
split-2,2023-09-08,35,2023-07-14,2023-09-07,56,False,True,0.80455398559570312,2.9890384674072266
split-2,2023-09-08,82,2023-07-14,2023-09-07,56,False,True,-0.47650909423828125,-0.89541816711425781
split-2,2023-09-09,11,2023-07-15,2023-09-08,56,False,True,1.1192941665649414,-0.50654220581054688
split-2,2023-09-09,12,2023-07-15,2023-09-08,54,False,True,0.040737152099609375,0.45360565185546875
split-2,2023-09-09,13,2023-07-15,2023-09-08,56,False,True,2.0399093627929688,2.9369878768920898
split-2,2023-09-09,21,2023-07-15,2023-09-08,56,False,True,1.1301975250244141,3.47747802734375
split-2,2023-09-09,35,2023-07-15,2023-09-08,56,False,True,0.80455398559570312,2.3537530899047852
split-2,2023-09-09,82,2023-07-15,2023-09-08,56,False,True,-0.30924129486083984,-0.89541816711425781
split-2,2023-09-10,11,2023-07-16,2023-09-09,56,False,True,1.5048084259033203,0.021140098571777344
split-2,2023-09-10,12,2023-07-16,2023-09-09,54,False,True,-0.20739889144897461,0.45360565185546875
split-2,2023-09-10,13,2023-07-16,2023-09-09,56,False,True,2.0399093627929688,2.9369878768920898
split-2,2023-09-10,21,2023-07-16,2023-09-09,56,False,True,1.1301975250244141,3.47747802734375
split-2,2023-09-10,35,2023-07-16,2023-09-09,56,False,True,0.80455398559570312,2.3537530899047852
split-2,2023-09-10,82,2023-07-16,2023-09-09,56,False,True,-0.47650909423828125,-0.89541816711425781
split-2,2023-09-11,11,2023-07-17,2023-09-10,56,False,True,1.1192941665649414,0.021140098571777344
split-2,2023-09-11,12,2023-07-17,2023-09-10,54,False,True,-0.20739889144897461,0.45360565185546875
split-2,2023-09-11,13,2023-07-17,2023-09-10,56,False,True,2.7599115371704102,2.9369878768920898
split-2,2023-09-11,21,2023-07-17,2023-09-10,56,False,True,1.1301975250244141,3.47747802734375
split-2,2023-09-11,35,2023-07-17,2023-09-10,56,False,True,0.80455398559570312,2.3537530899047852
split-2,2023-09-11,82,2023-07-17,2023-09-10,56,False,True,-0.66654777526855469,-2.4553098678588867
split-2,2023-09-12,11,2023-07-18,2023-09-11,56,False,True,1.1192941665649414,0.021140098571777344
split-2,2023-09-12,12,2023-07-18,2023-09-11,54,False,True,0.040737152099609375,0.45360565185546875
split-2,2023-09-12,13,2023-07-18,2023-09-11,56,False,True,2.0399093627929688,1.8604402542114258
split-2,2023-09-12,21,2023-07-18,2023-09-11,56,False,True,0.20184326171875,3.2626371383666992
split-2,2023-09-12,35,2023-07-18,2023-09-11,56,False,True,0.50374221801757812,2.1553869247436523
split-2,2023-09-12,82,2023-07-18,2023-09-11,56,False,True,-0.69477653503417969,-2.4553098678588867
split-2,2023-09-13,11,2023-07-19,2023-09-12,56,False,True,0.64371967315673828,-0.45879077911376953
split-2,2023-09-13,12,2023-07-19,2023-09-12,54,False,True,0.26332616806030273,0.45360565185546875
split-2,2023-09-13,13,2023-07-19,2023-09-12,56,False,True,1.7524127960205078,1.367701530456543
split-2,2023-09-13,21,2023-07-19,2023-09-12,56,False,True,-0.57420921325683594,2.4774618148803711
split-2,2023-09-13,35,2023-07-19,2023-09-12,56,False,True,-0.12155342102050781,1.3504638671875
split-2,2023-09-13,82,2023-07-19,2023-09-12,56,False,True,-0.84949588775634766,-2.4553098678588867
split-2,2023-09-14,11,2023-07-20,2023-09-13,56,False,True,0.64371967315673828,-0.45879077911376953
split-2,2023-09-14,12,2023-07-20,2023-09-13,54,False,True,0.040737152099609375,0.29260373115539551
split-2,2023-09-14,13,2023-07-20,2023-09-13,56,False,True,1.7524127960205078,1.367701530456543
split-2,2023-09-14,21,2023-07-20,2023-09-13,56,False,True,-0.57420921325683594,2.5488147735595703
split-2,2023-09-14,35,2023-07-20,2023-09-13,56,False,True,-0.12155342102050781,1.3504638671875
split-2,2023-09-14,82,2023-07-20,2023-09-13,56,False,True,-0.69477653503417969,-0.89541816711425781
split-2,2023-09-15,11,2023-07-21,2023-09-14,56,False,True,0.50210762023925781,-0.45879077911376953
split-2,2023-09-15,12,2023-07-21,2023-09-14,54,False,True,0.087111949920654297,0.45360565185546875
split-2,2023-09-15,13,2023-07-21,2023-09-14,56,False,True,1.1424036026000977,0.75750160217285156
split-2,2023-09-15,21,2023-07-21,2023-09-14,56,False,True,-0.57420921325683594,2.5488147735595703
split-2,2023-09-15,35,2023-07-21,2023-09-14,56,False,True,-0.77151298522949219,0.67650413513183594
split-2,2023-09-15,82,2023-07-21,2023-09-14,56,False,True,-0.69477653503417969,-0.89541816711425781
split-2,2023-09-16,11,2023-07-22,2023-09-15,56,False,True,0.45519065856933594,-0.45879077911376953
split-2,2023-09-16,12,2023-07-22,2023-09-15,54,False,True,0.44901084899902344,0.76630496978759766
split-2,2023-09-16,13,2023-07-22,2023-09-15,56,False,True,1.1424036026000977,0.75750160217285156
split-2,2023-09-16,21,2023-07-22,2023-09-15,56,False,True,-0.57420921325683594,2.5488147735595703
split-2,2023-09-16,35,2023-07-22,2023-09-15,56,False,True,-0.12155342102050781,0.67650413513183594
split-2,2023-09-16,82,2023-07-22,2023-09-15,56,False,True,-0.69477653503417969,-0.89541816711425781
split-2,2023-09-17,11,2023-07-23,2023-09-16,56,False,True,0.19118499755859375,-0.45879077911376953
split-2,2023-09-17,12,2023-07-23,2023-09-16,54,False,True,0.087111949920654297,0.45360565185546875
split-2,2023-09-17,13,2023-07-23,2023-09-16,56,False,True,1.7524127960205078,1.367701530456543
split-2,2023-09-17,21,2023-07-23,2023-09-16,56,False,True,-0.57420921325683594,2.3648133277893066
split-2,2023-09-17,35,2023-07-23,2023-09-16,56,False,True,-0.77151298522949219,0.67650413513183594
split-2,2023-09-17,82,2023-07-23,2023-09-16,56,False,True,-0.84949588775634766,-2.4553098678588867
split-2,2023-09-18,11,2023-07-24,2023-09-17,56,False,True,-0.08050537109375,-0.45879077911376953
split-2,2023-09-18,12,2023-07-24,2023-09-17,54,False,True,0.087111949920654297,0.45360565185546875
split-2,2023-09-18,13,2023-07-24,2023-09-17,56,False,True,1.7524127960205078,1.367701530456543
split-2,2023-09-18,21,2023-07-24,2023-09-17,56,False,True,-0.57420921325683594,2.3648133277893066
split-2,2023-09-18,35,2023-07-24,2023-09-17,56,False,True,-1.4292945861816406,0.67650413513183594
split-2,2023-09-18,82,2023-07-24,2023-09-17,56,False,True,-0.88106489181518555,-2.4553098678588867
split-2,2023-09-19,11,2023-07-25,2023-09-18,56,False,True,-0.08050537109375,-0.45879077911376953
split-2,2023-09-19,12,2023-07-27,2023-09-18,54,False,True,0.087111949920654297,0.29260373115539551
split-2,2023-09-19,13,2023-07-25,2023-09-18,56,False,True,0.98424720764160156,0.75750160217285156
split-2,2023-09-19,21,2023-07-25,2023-09-18,56,False,True,-0.57420921325683594,2.3648133277893066
split-2,2023-09-19,35,2023-07-25,2023-09-18,56,False,True,-1.4292945861816406,0.67650413513183594
split-2,2023-09-19,82,2023-07-25,2023-09-18,56,False,True,-1.0207686424255371,-3.7474565505981445
split-2,2023-09-20,11,2023-07-26,2023-09-19,56,False,True,-0.50719738006591797,-1.0660181045532227
split-2,2023-09-20,12,2023-07-27,2023-09-19,55,False,True,0.10590076446533203,0.27972269058227539
split-2,2023-09-20,13,2023-07-26,2023-09-19,56,False,True,0.051917076110839844,0.55888032913208008
split-2,2023-09-20,21,2023-07-26,2023-09-19,56,False,True,-0.57420921325683594,1.0887117385864258
split-2,2023-09-20,35,2023-07-26,2023-09-19,56,False,True,-2.2321491241455078,-0.23516082763671875
split-2,2023-09-20,82,2023-07-26,2023-09-19,56,False,True,-1.0207686424255371,-2.8282754421234131
split-2,2023-09-21,11,2023-07-27,2023-09-20,56,False,True,-0.50719738006591797,-1.0660181045532227
split-2,2023-09-21,12,2023-07-27,2023-09-20,56,False,True,0.084239959716796875,0.26684165000915527
split-2,2023-09-21,13,2023-07-27,2023-09-20,56,False,True,0.051917076110839844,0.55888032913208008
split-2,2023-09-21,21,2023-07-27,2023-09-20,56,False,True,-0.57420921325683594,1.0887117385864258
split-2,2023-09-21,35,2023-07-27,2023-09-20,56,False,True,-3.0973262786865234,-0.23516082763671875
split-2,2023-09-21,82,2023-07-27,2023-09-20,56,False,True,-1.0207686424255371,-2.9434390068054199
split-2,2023-09-22,11,2023-07-28,2023-09-21,56,False,True,-0.94415283203125,-1.0660181045532227
split-2,2023-09-22,12,2023-07-28,2023-09-21,56,False,True,0.084239959716796875,0.26684165000915527
split-2,2023-09-22,13,2023-07-28,2023-09-21,56,False,True,0.98424720764160156,0.63521671295166016
split-2,2023-09-22,21,2023-07-28,2023-09-21,56,False,True,0.017128944396972656,1.0887117385864258
split-2,2023-09-22,35,2023-07-28,2023-09-21,56,False,True,-3.7243137359619141,-0.23516082763671875
split-2,2023-09-22,82,2023-07-28,2023-09-21,56,False,True,-1.0207686424255371,-2.8220491409301758
split-2,2023-09-23,11,2023-07-29,2023-09-22,56,False,True,-0.43124675750732422,-1.0660181045532227
split-2,2023-09-23,12,2023-07-29,2023-09-22,56,False,True,0.084239959716796875,0.26684165000915527
split-2,2023-09-23,13,2023-07-29,2023-09-22,56,False,True,0.34762191772460938,0.63521671295166016
split-2,2023-09-23,21,2023-07-29,2023-09-22,56,False,True,-0.57420921325683594,1.0887117385864258
split-2,2023-09-23,35,2023-07-29,2023-09-22,56,False,True,-3.7243137359619141,0.24014091491699219
split-2,2023-09-23,82,2023-07-29,2023-09-22,56,False,True,-0.88106489181518555,-2.8220491409301758
split-2,2023-09-24,11,2023-07-30,2023-09-23,56,False,True,0.19118499755859375,-1.0660181045532227
split-2,2023-09-24,12,2023-07-30,2023-09-23,56,False,True,0.20780086517333984,0.3548583984375
split-2,2023-09-24,13,2023-07-30,2023-09-23,56,False,True,0.34762191772460938,0.63521671295166016
split-2,2023-09-24,21,2023-07-30,2023-09-23,56,False,True,-0.57420921325683594,1.0887117385864258
split-2,2023-09-24,35,2023-07-30,2023-09-23,56,False,True,-3.0973262786865234,0.36929893493652344
split-2,2023-09-24,82,2023-07-30,2023-09-23,56,False,True,-0.88106489181518555,-2.6869874000549316
split-2,2023-09-25,11,2023-07-31,2023-09-24,56,False,True,-0.43124675750732422,-2.0010254383087158
split-2,2023-09-25,12,2023-07-31,2023-09-24,56,False,True,0.084239959716796875,0.26684165000915527
split-2,2023-09-25,13,2023-07-31,2023-09-24,56,False,True,0.31575202941894531,0.55888032913208008
split-2,2023-09-25,21,2023-07-31,2023-09-24,56,False,True,0.017128944396972656,1.0887117385864258
split-2,2023-09-25,35,2023-07-31,2023-09-24,56,False,True,-3.7243137359619141,0.36929893493652344
split-2,2023-09-25,82,2023-07-31,2023-09-24,56,False,True,-0.88106489181518555,-2.7972726821899414
split-2,2023-09-26,11,2023-08-01,2023-09-25,56,False,True,0.19118499755859375,-1.0660181045532227
split-2,2023-09-26,12,2023-08-01,2023-09-25,56,False,True,0.084239959716796875,0.26684165000915527
split-2,2023-09-26,13,2023-08-01,2023-09-25,56,False,True,0.34762191772460938,0.63521671295166016
split-2,2023-09-26,21,2023-08-01,2023-09-25,56,False,True,0.017128944396972656,1.0887117385864258
split-2,2023-09-26,35,2023-08-01,2023-09-25,56,False,True,-3.7243137359619141,0.36929893493652344
split-2,2023-09-26,82,2023-08-01,2023-09-25,56,False,True,-0.68184280395507812,-2.6869874000549316
split-2,2023-09-27,11,2023-08-02,2023-09-26,56,False,True,0.19118499755859375,-1.0660181045532227
split-2,2023-09-27,12,2023-08-02,2023-09-26,56,False,True,0.084239959716796875,0.26684165000915527
split-2,2023-09-27,13,2023-08-02,2023-09-26,56,False,True,0.31575202941894531,0.63521671295166016
split-2,2023-09-27,21,2023-08-02,2023-09-26,56,False,True,0.25385951995849609,1.0887117385864258
split-2,2023-09-27,35,2023-08-02,2023-09-26,56,False,True,-3.7243137359619141,0.36929893493652344
split-2,2023-09-27,82,2023-08-02,2023-09-26,56,False,True,-0.88106489181518555,-2.6869874000549316
split-2,2023-09-28,11,2023-08-03,2023-09-27,56,False,True,0.19118499755859375,-1.0660181045532227
split-2,2023-09-28,12,2023-08-03,2023-09-27,56,False,True,0.084239959716796875,0.26684165000915527
split-2,2023-09-28,13,2023-08-03,2023-09-27,56,False,True,0.31575202941894531,0.63521671295166016
split-2,2023-09-28,21,2023-08-03,2023-09-27,56,False,True,0.25385951995849609,1.0887117385864258
split-2,2023-09-28,35,2023-08-03,2023-09-27,56,False,True,-3.8716583251953125,0.36929893493652344
split-2,2023-09-28,82,2023-08-03,2023-09-27,56,False,True,-0.93572568893432617,-2.6869874000549316
split-2,2023-09-29,11,2023-08-04,2023-09-28,56,False,True,0.19118499755859375,-1.0660181045532227
split-2,2023-09-29,12,2023-08-04,2023-09-28,56,False,True,0.084239959716796875,0.26684165000915527
split-2,2023-09-29,13,2023-08-04,2023-09-28,56,False,True,0.31575202941894531,0.63521671295166016
split-2,2023-09-29,21,2023-08-04,2023-09-28,56,False,True,0.25385951995849609,1.0887117385864258
split-2,2023-09-29,35,2023-08-04,2023-09-28,56,False,True,-3.8716583251953125,0.36929893493652344
split-2,2023-09-29,82,2023-08-04,2023-09-28,56,False,True,-0.93572568893432617,-2.6869874000549316
split-2,2023-09-30,11,2023-08-05,2023-09-29,56,False,True,-0.2472224235534668,-1.0660181045532227
split-2,2023-09-30,12,2023-08-05,2023-09-29,56,False,True,0.084239959716796875,0.26684165000915527
split-2,2023-09-30,13,2023-08-05,2023-09-29,56,False,True,0.030150413513183594,0.63521671295166016
split-2,2023-09-30,21,2023-08-05,2023-09-29,56,False,True,0.25385951995849609,1.0887117385864258
split-2,2023-09-30,35,2023-08-05,2023-09-29,56,False,True,-3.8716583251953125,-0.53896141052246094
split-2,2023-09-30,82,2023-08-05,2023-09-29,56,False,True,-0.86362075805664062,-2.5022189617156982
split-2,2023-10-01,11,2023-08-06,2023-09-30,56,False,True,-0.2472224235534668,-0.48734664916992188
split-2,2023-10-01,12,2023-08-06,2023-09-30,56,False,True,0.084239959716796875,0.26684165000915527
split-2,2023-10-01,13,2023-08-06,2023-09-30,56,False,True,0.31575202941894531,0.63521671295166016
split-2,2023-10-01,21,2023-08-06,2023-09-30,56,False,True,0.25385951995849609,1.0887117385864258
split-2,2023-10-01,35,2023-08-06,2023-09-30,56,False,True,-3.7243137359619141,-0.16604232788085938
split-2,2023-10-01,82,2023-08-06,2023-09-30,56,False,True,-0.68184280395507812,-2.251232385635376
split-2,2023-10-02,11,2023-08-07,2023-10-01,56,False,True,0.25945091247558594,0.078726768493652344
split-2,2023-10-02,12,2023-08-07,2023-10-01,56,False,True,0.17596435546875,0.34665250778198242
split-2,2023-10-02,13,2023-08-07,2023-10-01,56,False,True,0.34762191772460938,0.63521671295166016
split-2,2023-10-02,21,2023-08-07,2023-10-01,56,False,True,0.76075458526611328,2.3648133277893066
split-2,2023-10-02,35,2023-08-07,2023-10-01,56,False,True,-3.7243137359619141,0.49638557434082031
split-2,2023-10-02,82,2023-08-07,2023-10-01,56,False,True,-0.40039157867431641,-1.5978908538818359
split-2,2023-10-03,11,2023-08-08,2023-10-02,56,False,True,0.25945091247558594,0.078726768493652344
split-2,2023-10-03,12,2023-08-08,2023-10-02,56,False,True,0.17596435546875,0.34665250778198242
split-2,2023-10-03,13,2023-08-08,2023-10-02,56,False,True,0.34762191772460938,1.5927276611328125
split-2,2023-10-03,21,2023-08-08,2023-10-02,56,False,True,0.76075458526611328,2.3648133277893066
split-2,2023-10-03,35,2023-08-08,2023-10-02,56,False,True,-3.7243137359619141,2.1553869247436523
split-2,2023-10-03,82,2023-08-08,2023-10-02,56,False,True,-0.40039157867431641,-0.77679634094238281
split-2,2023-10-04,11,2023-08-09,2023-10-03,56,False,True,0.25945091247558594,0.078726768493652344
split-2,2023-10-04,12,2023-08-09,2023-10-03,56,False,True,0.084239959716796875,0.34665250778198242
split-2,2023-10-04,13,2023-08-09,2023-10-03,56,False,True,0.31575202941894531,0.63521671295166016
split-2,2023-10-04,21,2023-08-09,2023-10-03,56,False,True,0.76075458526611328,2.9064326286315918
split-2,2023-10-04,35,2023-08-09,2023-10-03,56,False,True,-3.8716583251953125,0.49638557434082031
split-2,2023-10-04,82,2023-08-09,2023-10-03,56,False,True,-0.055493354797363281,-0.77679634094238281
split-2,2023-10-05,11,2023-08-10,2023-10-04,56,False,True,0.57017993927001953,0.078726768493652344
split-2,2023-10-05,12,2023-08-10,2023-10-04,56,False,True,0.17596435546875,0.34665250778198242
split-2,2023-10-05,13,2023-08-10,2023-10-04,56,False,True,0.34762191772460938,1.286494255065918
split-2,2023-10-05,21,2023-08-10,2023-10-04,56,False,True,0.76075458526611328,2.9064326286315918
split-2,2023-10-05,35,2023-08-10,2023-10-04,56,False,True,-3.7243137359619141,0.49638557434082031
split-2,2023-10-05,82,2023-08-10,2023-10-04,56,False,True,-0.055493354797363281,-0.77679634094238281
split-2,2023-10-06,11,2023-08-11,2023-10-05,56,False,True,0.25945091247558594,-0.48153448104858398
split-2,2023-10-06,12,2023-08-11,2023-10-05,56,False,True,0.17596435546875,0.26684165000915527
split-2,2023-10-06,13,2023-08-11,2023-10-05,56,False,True,0.34762191772460938,0.63521671295166016
split-2,2023-10-06,21,2023-08-11,2023-10-05,56,False,True,0.76075458526611328,2.3648133277893066
split-2,2023-10-06,35,2023-08-11,2023-10-05,56,False,True,-3.7243137359619141,0.356231689453125
split-2,2023-10-06,82,2023-08-11,2023-10-05,56,False,True,-0.29700660705566406,-1.4648618698120117
split-2,2023-10-07,11,2023-08-12,2023-10-06,56,False,True,0.57017993927001953,0.078726768493652344
split-2,2023-10-07,12,2023-08-12,2023-10-06,56,False,True,0.084239959716796875,-0.47443938255310059
split-2,2023-10-07,13,2023-08-12,2023-10-06,56,False,True,1.1157875061035156,1.286494255065918
split-2,2023-10-07,21,2023-08-12,2023-10-06,56,False,True,0.76075458526611328,2.9064326286315918
split-2,2023-10-07,35,2023-08-12,2023-10-06,56,False,True,-3.1225814819335938,0.60066604614257812
split-2,2023-10-07,82,2023-08-12,2023-10-06,56,False,True,-0.29700660705566406,-1.7904653549194336
split-2,2023-10-08,11,2023-08-13,2023-10-07,56,False,True,0.25945091247558594,0.078726768493652344
split-2,2023-10-08,12,2023-08-13,2023-10-07,56,False,True,0.084239959716796875,-0.47443938255310059
split-2,2023-10-08,13,2023-08-13,2023-10-07,56,False,True,1.1157875061035156,1.286494255065918
split-2,2023-10-08,21,2023-08-13,2023-10-07,56,False,True,0.76075458526611328,2.9064326286315918
split-2,2023-10-08,35,2023-08-13,2023-10-07,56,False,True,-2.4687995910644531,0.60066604614257812
split-2,2023-10-08,82,2023-08-13,2023-10-07,56,False,True,-0.38209056854248047,-2.251232385635376
split-2,2023-10-09,11,2023-08-14,2023-10-08,56,False,True,0.25945091247558594,0.078726768493652344
split-2,2023-10-09,12,2023-08-14,2023-10-08,56,False,True,-0.036448955535888672,-0.47443938255310059
split-2,2023-10-09,13,2023-08-14,2023-10-08,56,False,True,1.1157875061035156,1.286494255065918
split-2,2023-10-09,21,2023-08-14,2023-10-08,56,False,True,1.599522590637207,2.9064326286315918
split-2,2023-10-09,35,2023-08-14,2023-10-08,56,False,True,-2.4687995910644531,0.60066604614257812
split-2,2023-10-09,82,2023-08-14,2023-10-08,56,False,True,-0.29700660705566406,-2.1328067779541016
split-2,2023-10-10,11,2023-08-15,2023-10-09,56,False,True,0.25945091247558594,-0.32029294967651367
split-2,2023-10-10,12,2023-08-15,2023-10-09,56,False,True,-0.036448955535888672,-0.8143010139465332
split-2,2023-10-10,13,2023-08-15,2023-10-09,56,False,True,1.1157875061035156,1.1788787841796875
split-2,2023-10-10,21,2023-08-15,2023-10-09,56,False,True,1.599522590637207,2.3648133277893066
split-2,2023-10-10,35,2023-08-15,2023-10-09,56,False,True,-2.4687995910644531,0.042522430419921875
split-2,2023-10-10,82,2023-08-15,2023-10-09,56,False,True,-0.29700660705566406,-2.1328067779541016
split-2,2023-10-11,11,2023-08-16,2023-10-10,56,False,True,0.25945091247558594,0.078726768493652344
split-2,2023-10-11,12,2023-08-16,2023-10-10,56,False,True,-0.20739889144897461,-0.98624849319458008
split-2,2023-10-11,13,2023-08-16,2023-10-10,56,False,True,0.34762191772460938,1.1788787841796875
split-2,2023-10-11,21,2023-08-16,2023-10-10,56,False,True,0.76075458526611328,1.0887117385864258
split-2,2023-10-11,35,2023-08-16,2023-10-10,56,False,True,-3.1225814819335938,0.042522430419921875
split-2,2023-10-11,82,2023-08-16,2023-10-10,56,False,True,-0.29700660705566406,-2.1328067779541016
split-2,2023-10-12,11,2023-08-17,2023-10-11,56,False,True,0.016783237457275391,0.078726768493652344
split-2,2023-10-12,12,2023-08-17,2023-10-11,56,False,True,-0.036448955535888672,-0.8143010139465332
split-2,2023-10-12,13,2023-08-17,2023-10-11,56,False,True,0.31575202941894531,0.61217260360717773
split-2,2023-10-12,21,2023-08-17,2023-10-11,56,False,True,0.76075458526611328,1.0887117385864258
split-2,2023-10-12,35,2023-08-17,2023-10-11,56,False,True,-3.8716583251953125,0.042522430419921875
split-2,2023-10-12,82,2023-08-17,2023-10-11,56,False,True,-0.29700660705566406,-2.1328067779541016
split-2,2023-10-13,11,2023-08-18,2023-10-12,56,False,True,-0.67391443252563477,0.078726768493652344
split-2,2023-10-13,12,2023-08-18,2023-10-12,56,False,True,-0.036448955535888672,-0.8143010139465332
split-2,2023-10-13,13,2023-08-18,2023-10-12,56,False,True,-0.25158596038818359,-0.026065349578857422
split-2,2023-10-13,21,2023-08-18,2023-10-12,56,False,True,0.25385951995849609,1.0887117385864258
split-2,2023-10-13,35,2023-08-18,2023-10-12,56,False,True,-4.0917510986328125,-0.16604232788085938
split-2,2023-10-13,82,2023-08-18,2023-10-12,56,False,True,-0.29700660705566406,-2.3505651950836182
split-2,2023-10-14,11,2023-08-19,2023-10-13,56,False,True,-0.67391443252563477,0.078726768493652344
split-2,2023-10-14,12,2023-08-19,2023-10-13,56,False,True,-0.036448955535888672,-0.98624849319458008
split-2,2023-10-14,13,2023-08-19,2023-10-13,56,False,True,-0.25158596038818359,-0.026065349578857422
split-2,2023-10-14,21,2023-08-19,2023-10-13,56,False,True,0.76075458526611328,1.0887117385864258
split-2,2023-10-14,35,2023-08-19,2023-10-13,56,False,True,-4.0917510986328125,-0.16604232788085938
split-2,2023-10-14,82,2023-08-19,2023-10-13,56,False,True,-0.29700660705566406,-2.3505651950836182
split-2,2023-10-15,11,2023-08-20,2023-10-14,56,False,True,-0.86102771759033203,0.078726768493652344
split-2,2023-10-15,12,2023-08-20,2023-10-14,56,False,True,-0.20739889144897461,-0.98624849319458008
split-2,2023-10-15,13,2023-08-20,2023-10-14,56,False,True,-1.0653839111328125,-0.026065349578857422
split-2,2023-10-15,21,2023-08-20,2023-10-14,56,False,True,0.25385951995849609,1.0600099563598633
split-2,2023-10-15,35,2023-08-20,2023-10-14,56,False,True,-4.0917510986328125,-0.16604232788085938
split-2,2023-10-15,82,2023-08-20,2023-10-14,56,False,True,-0.29700660705566406,-2.3505651950836182
split-2,2023-10-16,11,2023-08-21,2023-10-15,56,False,True,-0.67391443252563477,0.58947134017944336
split-2,2023-10-16,12,2023-08-21,2023-10-15,56,False,True,-0.40756940841674805,-0.98624849319458008
split-2,2023-10-16,13,2023-08-21,2023-10-15,56,False,True,-1.0653839111328125,-0.026065349578857422
split-2,2023-10-16,21,2023-08-21,2023-10-15,56,False,True,0.25385951995849609,1.0600099563598633
split-2,2023-10-16,35,2023-08-21,2023-10-15,56,False,True,-4.0917510986328125,-0.16604232788085938
split-2,2023-10-16,82,2023-08-21,2023-10-15,56,False,True,-0.38209056854248047,-2.3505651950836182
split-2,2023-10-17,11,2023-08-22,2023-10-16,56,False,True,-0.67391443252563477,0.58947134017944336
split-2,2023-10-17,12,2023-08-22,2023-10-16,56,False,True,-0.40756940841674805,-1.3147177696228027
split-2,2023-10-17,13,2023-08-22,2023-10-16,56,False,True,-1.0653839111328125,0.61217260360717773
split-2,2023-10-17,21,2023-08-22,2023-10-16,56,False,True,-0.23930454254150391,0.61459159851074219
split-2,2023-10-17,35,2023-08-22,2023-10-16,56,False,True,-4.0917510986328125,-0.16604232788085938
split-2,2023-10-17,82,2023-08-22,2023-10-16,56,False,True,-0.38209056854248047,-2.3505651950836182
split-2,2023-10-18,11,2023-08-23,2023-10-17,56,False,True,-0.86102771759033203,0.078726768493652344
split-2,2023-10-18,12,2023-08-23,2023-10-17,56,False,True,-0.40756940841674805,-1.1550483703613281
split-2,2023-10-18,13,2023-08-23,2023-10-17,56,False,True,-0.25158596038818359,0.61217260360717773
split-2,2023-10-18,21,2023-08-23,2023-10-17,56,False,True,-0.23930454254150391,0.61459159851074219
split-2,2023-10-18,35,2023-08-23,2023-10-17,56,False,True,-4.0917510986328125,-0.16604232788085938
split-2,2023-10-18,82,2023-08-23,2023-10-17,56,False,True,-0.48547554016113281,-2.5022189617156982
split-2,2023-10-19,11,2023-08-24,2023-10-18,56,False,True,-0.67391443252563477,0.58947134017944336
split-2,2023-10-19,12,2023-08-24,2023-10-18,56,False,True,-0.54628753662109375,-1.1550483703613281
split-2,2023-10-19,13,2023-08-24,2023-10-18,56,False,True,-0.45827198028564453,-0.026065349578857422
split-2,2023-10-19,21,2023-08-24,2023-10-18,56,False,True,-0.47160530090332031,-0.64650821685791016
split-2,2023-10-19,35,2023-08-24,2023-10-18,56,False,True,-4.0917510986328125,-0.16604232788085938
split-2,2023-10-19,82,2023-08-24,2023-10-18,56,False,True,-0.38209056854248047,-2.3505651950836182
split-2,2023-10-20,11,2023-08-25,2023-10-19,56,False,True,-0.86102771759033203,0.58947134017944336
split-2,2023-10-20,12,2023-08-25,2023-10-19,56,False,True,-0.54628753662109375,-0.98624849319458008
split-2,2023-10-20,13,2023-08-25,2023-10-19,56,False,True,0.087299346923828125,0.61217260360717773
split-2,2023-10-20,21,2023-08-25,2023-10-19,56,False,True,-0.47160530090332031,-2.0365610122680664
split-2,2023-10-20,35,2023-08-25,2023-10-19,56,False,True,-3.8716583251953125,-0.16604232788085938
split-2,2023-10-20,82,2023-08-25,2023-10-19,56,False,True,-0.38209056854248047,-2.3505651950836182
split-2,2023-10-21,11,2023-08-26,2023-10-20,56,False,True,-0.86102771759033203,0.58947134017944336
split-2,2023-10-21,12,2023-08-26,2023-10-20,56,False,True,-0.62961483001708984,-0.98624849319458008
split-2,2023-10-21,13,2023-08-26,2023-10-20,56,False,True,0.087299346923828125,0.61217260360717773
split-2,2023-10-21,21,2023-08-26,2023-10-20,56,False,True,-0.23930454254150391,-2.0365610122680664
split-2,2023-10-21,35,2023-08-26,2023-10-20,56,False,True,-3.5291337966918945,-0.16604232788085938
split-2,2023-10-21,82,2023-08-26,2023-10-20,56,False,True,-0.48547554016113281,-2.3505651950836182
split-2,2023-10-22,11,2023-08-27,2023-10-21,56,False,True,-0.86102771759033203,0.58947134017944336
split-2,2023-10-22,12,2023-08-27,2023-10-21,56,False,True,-0.72629880905151367,-0.98624849319458008
split-2,2023-10-22,13,2023-08-27,2023-10-21,56,False,True,0.087299346923828125,0.61217260360717773
split-2,2023-10-22,21,2023-08-27,2023-10-21,56,False,True,-0.23930454254150391,-2.0365610122680664
split-2,2023-10-22,35,2023-08-27,2023-10-21,56,False,True,-2.8753519058227539,-0.16604232788085938
split-2,2023-10-22,82,2023-08-27,2023-10-21,56,False,True,-0.48547554016113281,-2.3505651950836182
split-2,2023-10-23,11,2023-08-28,2023-10-22,56,False,True,-0.67391443252563477,1.8911128044128418
split-2,2023-10-23,12,2023-08-28,2023-10-22,56,False,True,-0.72629880905151367,-0.98624849319458008
split-2,2023-10-23,13,2023-08-28,2023-10-22,56,False,True,0.087299346923828125,-0.026065349578857422
split-2,2023-10-23,21,2023-08-28,2023-10-22,56,False,True,0.25385951995849609,-0.64650821685791016
split-2,2023-10-23,35,2023-08-28,2023-10-22,56,False,True,-2.2053546905517578,-0.16604232788085938
split-2,2023-10-23,82,2023-08-28,2023-10-22,56,False,True,-0.48547554016113281,-2.3505651950836182
split-2,2023-10-24,11,2023-08-29,2023-10-23,56,False,True,-0.67391443252563477,1.8911128044128418
split-2,2023-10-24,12,2023-08-29,2023-10-23,56,False,True,-0.72629880905151367,-0.98624849319458008
split-2,2023-10-24,13,2023-08-29,2023-10-23,56,False,True,0.087299346923828125,-0.026065349578857422
split-2,2023-10-24,21,2023-08-29,2023-10-23,56,False,True,0.25385951995849609,-2.0365610122680664
split-2,2023-10-24,35,2023-08-29,2023-10-23,56,False,True,-2.2053546905517578,-0.16604232788085938
split-2,2023-10-24,82,2023-08-29,2023-10-23,56,False,True,-0.48547554016113281,-2.3505651950836182
split-2,2023-10-25,11,2023-08-30,2023-10-24,56,False,True,-0.67391443252563477,1.8911128044128418
split-2,2023-10-25,12,2023-08-30,2023-10-24,56,False,True,-0.62961483001708984,-0.8143010139465332
split-2,2023-10-25,13,2023-08-30,2023-10-24,56,False,True,0.087299346923828125,-0.026065349578857422
split-2,2023-10-25,21,2023-08-30,2023-10-24,56,False,True,0.25385951995849609,-0.64650821685791016
split-2,2023-10-25,35,2023-08-30,2023-10-24,56,False,True,-2.2053546905517578,-0.16604232788085938
split-2,2023-10-25,82,2023-08-30,2023-10-24,56,False,True,-0.38209056854248047,-2.3505651950836182
split-2,2023-10-26,11,2023-08-31,2023-10-25,56,False,True,-0.67391443252563477,0.58947134017944336
split-2,2023-10-26,12,2023-08-31,2023-10-25,56,False,True,-0.62961483001708984,-0.98624849319458008
split-2,2023-10-26,13,2023-08-31,2023-10-25,56,False,True,0.087299346923828125,-0.35497474670410156
split-2,2023-10-26,21,2023-08-31,2023-10-25,56,False,True,0.25385951995849609,0.61459159851074219
split-2,2023-10-26,35,2023-08-31,2023-10-25,56,False,True,-2.2053546905517578,-0.53896141052246094
split-2,2023-10-26,82,2023-08-31,2023-10-25,56,False,True,-0.32707691192626953,-2.3505651950836182
split-2,2023-10-27,11,2023-09-01,2023-10-26,56,False,True,-0.86102771759033203,0.078726768493652344
split-2,2023-10-27,12,2023-09-01,2023-10-26,56,False,True,-0.54628753662109375,-0.98624849319458008
split-2,2023-10-27,13,2023-09-01,2023-10-26,56,False,True,-0.44090652465820312,-0.35497474670410156
split-2,2023-10-27,21,2023-09-01,2023-10-26,56,False,True,0.67999553680419922,0.61459159851074219
split-2,2023-10-27,35,2023-09-01,2023-10-26,56,False,True,-1.4292945861816406,-0.53896141052246094
split-2,2023-10-27,82,2023-09-01,2023-10-26,56,False,True,-0.38209056854248047,-2.5022189617156982
split-2,2023-10-28,11,2023-09-02,2023-10-27,56,False,True,-0.86102771759033203,-0.32029294967651367
split-2,2023-10-28,12,2023-09-02,2023-10-27,56,False,True,-0.54628753662109375,-0.98624849319458008
split-2,2023-10-28,13,2023-09-02,2023-10-27,56,False,True,-0.44090652465820312,-0.026065349578857422
split-2,2023-10-28,21,2023-09-02,2023-10-27,56,False,True,0.25385951995849609,-0.64650821685791016
split-2,2023-10-28,35,2023-09-02,2023-10-27,56,False,True,-1.4292945861816406,-0.53896141052246094
split-2,2023-10-28,82,2023-09-02,2023-10-27,56,False,True,-0.38209056854248047,-2.5563201904296875
split-2,2023-10-29,11,2023-09-03,2023-10-28,56,False,True,-0.67391443252563477,-0.32029294967651367
split-2,2023-10-29,12,2023-09-03,2023-10-28,56,False,True,-0.54628753662109375,-0.98624849319458008
split-2,2023-10-29,13,2023-09-03,2023-10-28,56,False,True,-0.44090652465820312,-0.026065349578857422
split-2,2023-10-29,21,2023-09-03,2023-10-28,56,False,True,0.25385951995849609,-0.64650821685791016
split-2,2023-10-29,35,2023-09-03,2023-10-28,56,False,True,-1.4292945861816406,-0.53896141052246094
split-2,2023-10-29,82,2023-09-03,2023-10-28,56,False,True,-0.38209056854248047,-2.5563201904296875
split-2,2023-10-30,11,2023-09-04,2023-10-29,56,False,True,-0.67391443252563477,-0.32029294967651367
split-2,2023-10-30,12,2023-09-04,2023-10-29,56,False,True,-0.53354978561401367,-0.98624849319458008
split-2,2023-10-30,13,2023-09-04,2023-10-29,56,False,True,-0.44090652465820312,-0.026065349578857422
split-2,2023-10-30,21,2023-09-04,2023-10-29,56,False,True,0.25385951995849609,-0.64650821685791016
split-2,2023-10-30,35,2023-09-04,2023-10-29,56,False,True,-1.4292945861816406,-0.53896141052246094
split-2,2023-10-30,82,2023-09-04,2023-10-29,56,False,True,-0.38209056854248047,-2.5563201904296875
split-2,2023-10-31,11,2023-09-05,2023-10-30,56,False,True,-0.86102771759033203,-0.60502243041992188
split-2,2023-10-31,12,2023-09-05,2023-10-30,56,False,True,-0.53354978561401367,-0.99622702598571777
split-2,2023-10-31,13,2023-09-05,2023-10-30,56,False,True,-0.44090652465820312,-0.35497474670410156
split-2,2023-10-31,21,2023-09-05,2023-10-30,56,False,True,0.25385951995849609,-0.64650821685791016
split-2,2023-10-31,35,2023-09-05,2023-10-30,56,False,True,-1.4292945861816406,-0.59184741973876953
split-2,2023-10-31,82,2023-09-05,2023-10-30,56,False,True,-0.38209056854248047,-2.5563201904296875
split-3,2023-11-01,11,2023-09-06,2023-10-31,56,False,False,-0.86102771759033203,-0.60502243041992188
split-3,2023-11-01,12,2023-09-06,2023-10-31,56,False,False,-0.53354978561401367,-0.99622702598571777
split-3,2023-11-01,13,2023-09-06,2023-10-31,56,False,False,-0.44090652465820312,-0.35497474670410156
split-3,2023-11-01,21,2023-09-06,2023-10-31,56,False,False,0.25385951995849609,-0.64650821685791016
split-3,2023-11-01,35,2023-09-06,2023-10-31,56,False,False,-1.4292945861816406,-0.59184741973876953
split-3,2023-11-01,82,2023-09-06,2023-10-31,56,False,False,-0.38209056854248047,-2.5563201904296875
split-3,2023-11-02,11,2023-09-07,2023-11-01,56,False,True,-0.86102771759033203,-0.60502243041992188
split-3,2023-11-02,12,2023-09-07,2023-11-01,56,False,True,-0.53354978561401367,-0.99622702598571777
split-3,2023-11-02,13,2023-09-07,2023-11-01,56,False,True,0.087299346923828125,-0.35497474670410156
split-3,2023-11-02,21,2023-09-07,2023-11-01,56,False,True,0.25385951995849609,-0.64650821685791016
split-3,2023-11-02,35,2023-09-07,2023-11-01,56,False,True,-2.2053546905517578,-0.59184741973876953
split-3,2023-11-02,82,2023-09-07,2023-11-01,56,False,True,-0.38209056854248047,-2.5563201904296875
split-3,2023-11-03,11,2023-09-08,2023-11-02,56,False,True,-0.86102771759033203,-0.32029294967651367
split-3,2023-11-03,12,2023-09-08,2023-11-02,56,False,True,-0.53354978561401367,-0.99622702598571777
split-3,2023-11-03,13,2023-09-08,2023-11-02,56,False,True,0.31575202941894531,-0.051639556884765625
split-3,2023-11-03,21,2023-09-08,2023-11-02,56,False,True,-0.12799263000488281,-2.0365610122680664
split-3,2023-11-03,35,2023-09-08,2023-11-02,56,False,True,-1.1051406860351562,-0.59184741973876953
split-3,2023-11-03,82,2023-09-08,2023-11-02,56,False,True,-0.38209056854248047,-2.5101404190063477
split-3,2023-11-04,11,2023-09-09,2023-11-03,56,False,True,-0.86102771759033203,-0.32029294967651367
split-3,2023-11-04,12,2023-09-09,2023-11-03,56,False,True,-0.46708440780639648,-0.99622702598571777
split-3,2023-11-04,13,2023-09-09,2023-11-03,56,False,True,0.31575202941894531,-0.051639556884765625
split-3,2023-11-04,21,2023-09-09,2023-11-03,56,False,True,-0.29897594451904297,-2.9223794937133789
split-3,2023-11-04,35,2023-09-09,2023-11-03,56,False,True,-2.2053546905517578,-0.59184741973876953
split-3,2023-11-04,82,2023-09-09,2023-11-03,56,False,True,-0.48547554016113281,-2.5101404190063477
split-3,2023-11-05,11,2023-09-10,2023-11-04,56,False,True,-0.86102771759033203,-0.60502243041992188
split-3,2023-11-05,12,2023-09-10,2023-11-04,56,False,True,-0.46708440780639648,-0.99622702598571777
split-3,2023-11-05,13,2023-09-10,2023-11-04,56,False,True,0.31575202941894531,-0.051639556884765625
split-3,2023-11-05,21,2023-09-10,2023-11-04,56,False,True,-0.12799263000488281,-2.9223794937133789
split-3,2023-11-05,35,2023-09-10,2023-11-04,56,False,True,-2.2053546905517578,-0.59184741973876953
split-3,2023-11-05,82,2023-09-10,2023-11-04,56,False,True,-0.48547554016113281,-2.5101404190063477
split-3,2023-11-06,11,2023-09-11,2023-11-05,56,False,True,-0.86102771759033203,-0.60502243041992188
split-3,2023-11-06,12,2023-09-11,2023-11-05,56,False,True,-0.46708440780639648,-0.99622702598571777
split-3,2023-11-06,13,2023-09-11,2023-11-05,56,False,True,0.087299346923828125,-0.35497474670410156
split-3,2023-11-06,21,2023-09-11,2023-11-05,56,False,True,-0.29897594451904297,-2.9223794937133789
split-3,2023-11-06,35,2023-09-11,2023-11-05,56,False,True,-2.2053546905517578,-0.59184741973876953
split-3,2023-11-06,82,2023-09-11,2023-11-05,56,False,True,-0.48547554016113281,-2.5101404190063477
split-3,2023-11-07,11,2023-09-12,2023-11-06,56,False,True,-0.76611185073852539,-0.60502243041992188
split-3,2023-11-07,12,2023-09-12,2023-11-06,56,False,True,-0.53354978561401367,-1.1184957027435303
split-3,2023-11-07,13,2023-09-12,2023-11-06,56,False,True,0.087299346923828125,-0.35497474670410156
split-3,2023-11-07,21,2023-09-12,2023-11-06,56,False,True,-0.12799263000488281,-2.0365610122680664
split-3,2023-11-07,35,2023-09-12,2023-11-06,56,False,True,-2.2053546905517578,-0.59184741973876953
split-3,2023-11-07,82,2023-09-12,2023-11-06,56,False,True,-0.48547554016113281,-2.5101404190063477
split-3,2023-11-08,11,2023-09-13,2023-11-07,56,False,True,-0.76611185073852539,-0.60502243041992188
split-3,2023-11-08,12,2023-09-13,2023-11-07,56,False,True,-0.54628753662109375,-1.1184957027435303
split-3,2023-11-08,13,2023-09-13,2023-11-07,56,False,True,0.087299346923828125,-0.35497474670410156
split-3,2023-11-08,21,2023-09-13,2023-11-07,56,False,True,0.13727474212646484,-2.0365610122680664
split-3,2023-11-08,82,2023-09-13,2023-11-07,56,False,True,-0.48547554016113281,-2.5101404190063477
split-3,2023-11-09,11,2023-09-14,2023-11-08,56,False,True,-0.76611185073852539,-0.95711278915405273
split-3,2023-11-09,12,2023-09-14,2023-11-08,56,False,True,-0.54628753662109375,-1.1184957027435303
split-3,2023-11-09,13,2023-09-14,2023-11-08,56,False,True,-0.44090652465820312,-1.1943359375
split-3,2023-11-09,21,2023-09-14,2023-11-08,56,False,True,-0.12799263000488281,-2.9223794937133789
split-3,2023-11-09,35,2023-09-14,2023-11-07,55,False,True,-2.4420051574707031,-1.2345523834228516
split-3,2023-11-09,82,2023-09-14,2023-11-08,56,False,True,-0.56698799133300781,-2.5563201904296875
split-3,2023-11-10,11,2023-09-15,2023-11-09,56,False,True,-0.76611185073852539,-0.95711278915405273
split-3,2023-11-10,12,2023-09-15,2023-11-09,56,False,True,-0.54628753662109375,-1.263329029083252
split-3,2023-11-10,13,2023-09-15,2023-11-09,56,False,True,-0.44090652465820312,-1.1943359375
split-3,2023-11-10,21,2023-09-15,2023-11-09,56,False,True,-0.12799263000488281,-2.9223794937133789
split-3,2023-11-10,35,2023-09-15,2023-11-09,55,False,True,-2.4420051574707031,-1.2345523834228516
split-3,2023-11-10,82,2023-09-15,2023-11-09,56,False,True,-0.48547554016113281,-2.5101404190063477
split-3,2023-11-11,11,2023-09-16,2023-11-10,56,False,True,-0.58208751678466797,-0.60502243041992188
split-3,2023-11-11,13,2023-09-16,2023-11-10,56,False,True,-0.78177404403686523,-1.1943359375
split-3,2023-11-11,21,2023-09-16,2023-11-10,56,False,True,0.13727474212646484,-2.0365610122680664
split-3,2023-11-11,35,2023-09-16,2023-11-10,55,False,True,-3.3086986541748047,-2.1053981781005859
split-3,2023-11-11,82,2023-09-16,2023-11-10,56,False,True,-0.48547554016113281,-2.5101404190063477
split-3,2023-11-12,11,2023-09-17,2023-11-11,56,False,True,-0.58208751678466797,-0.60502243041992188
split-3,2023-11-12,12,2023-09-17,2023-11-10,55,False,True,-0.53581809997558594,-1.3472671508789062
split-3,2023-11-12,13,2023-09-17,2023-11-11,56,False,True,-0.78177404403686523,-1.1943359375
split-3,2023-11-12,21,2023-09-17,2023-11-11,56,False,True,0.13727474212646484,-2.311760425567627
split-3,2023-11-12,35,2023-09-17,2023-11-11,55,False,True,-2.4420051574707031,-2.1053981781005859
split-3,2023-11-12,82,2023-09-17,2023-11-11,56,False,True,-0.38209056854248047,-2.4183564186096191
split-3,2023-11-13,11,2023-09-18,2023-11-12,56,False,True,-0.46284294128417969,-0.32029294967651367
split-3,2023-11-13,12,2023-09-18,2023-11-12,55,False,True,-0.53128147125244141,-1.2408208847045898
split-3,2023-11-13,13,2023-09-18,2023-11-12,56,False,True,-0.44090652465820312,-0.68986606597900391
split-3,2023-11-13,21,2023-09-18,2023-11-12,56,False,True,0.45945549011230469,-1.9209098815917969
split-3,2023-11-13,35,2023-09-18,2023-11-12,55,False,True,-0.2415771484375,-1.9872407913208008
split-3,2023-11-13,82,2023-09-18,2023-11-12,56,False,True,-0.32707691192626953,-2.4036953449249268
split-3,2023-11-14,11,2023-09-19,2023-11-13,56,False,True,-0.34825277328491211,-0.32029294967651367
split-3,2023-11-14,12,2023-09-19,2023-11-13,55,False,True,-0.53581809997558594,-1.2408208847045898
split-3,2023-11-14,13,2023-09-19,2023-11-13,56,False,True,0.087299346923828125,-0.39693999290466309
split-3,2023-11-14,21,2023-09-19,2023-11-13,56,False,True,0.13727474212646484,-2.311760425567627
split-3,2023-11-14,35,2023-09-19,2023-11-13,55,False,True,-0.2415771484375,-2.2726812362670898
split-3,2023-11-14,82,2023-09-19,2023-11-13,56,False,True,-0.29862785339355469,-2.3505651950836182
split-3,2023-11-15,11,2023-09-20,2023-11-14,56,False,True,0.028941631317138672,-0.1442420482635498
split-3,2023-11-15,12,2023-09-20,2023-11-14,55,False,True,-0.53581809997558594,-1.1046767234802246
split-3,2023-11-15,13,2023-09-20,2023-11-14,56,False,True,0.32585525512695312,-0.39693999290466309
split-3,2023-11-15,21,2023-09-20,2023-11-14,56,False,True,0.13727474212646484,-1.9209098815917969
split-3,2023-11-15,35,2023-09-20,2023-11-14,55,False,True,-0.2415771484375,-2.2726812362670898
split-3,2023-11-15,82,2023-09-20,2023-11-14,56,False,True,-0.32707691192626953,-2.364220142364502
split-3,2023-11-17,11,2023-09-22,2023-11-15,55,False,True,0.38050651550292969,-0.079437732696533203
split-3,2023-11-17,12,2023-09-22,2023-11-15,54,False,True,-0.53525614738464355,-1.0591127872467041
split-3,2023-11-17,13,2023-09-22,2023-11-15,55,False,True,-0.11938667297363281,-1.1226444244384766
split-3,2023-11-17,21,2023-09-22,2023-11-15,55,False,True,0.34287071228027344,-1.4390735626220703
split-3,2023-11-17,35,2023-09-22,2023-11-15,54,False,True,-0.014834403991699219,-2.2136025428771973
split-3,2023-11-17,82,2023-09-22,2023-11-15,55,False,True,-0.34795570373535156,-2.0888967514038086
split-3,2023-11-18,11,2023-09-23,2023-11-17,55,False,True,0.31859302520751953,-0.079437732696533203
split-3,2023-11-18,12,2023-09-23,2023-11-17,54,False,True,-0.53298783302307129,-1.0591127872467041
split-3,2023-11-18,13,2023-09-23,2023-11-17,55,False,True,-0.11938667297363281,-0.59340095520019531
split-3,2023-11-18,21,2023-09-23,2023-11-17,55,False,True,0.7839508056640625,-1.1295537948608398
split-3,2023-11-18,35,2023-09-23,2023-11-17,54,False,True,-0.014834403991699219,-2.4501907825469971
split-3,2023-11-18,82,2023-09-23,2023-11-17,55,False,True,-0.34795570373535156,-2.0888967514038086
split-3,2023-11-19,11,2023-09-24,2023-11-18,55,False,True,-0.26070976257324219,-0.079437732696533203
split-3,2023-11-19,12,2023-09-24,2023-11-18,54,False,True,-0.53298783302307129,-1.2183127403259277
split-3,2023-11-19,13,2023-09-24,2023-11-18,55,False,True,0.29398536682128906,-0.39340925216674805
split-3,2023-11-19,21,2023-09-24,2023-11-18,55,False,True,0.7839508056640625,-1.0465364456176758
split-3,2023-11-19,35,2023-09-24,2023-11-18,54,False,True,-0.014834403991699219,-2.6079583168029785
split-3,2023-11-19,82,2023-09-24,2023-11-18,55,False,True,-0.34795570373535156,-1.8902311325073242
split-3,2023-11-20,11,2023-09-25,2023-11-19,55,False,True,0.26404762268066406,-0.079437732696533203
split-3,2023-11-20,12,2023-09-25,2023-11-19,54,False,True,-0.46708440780639648,-1.2183127403259277
split-3,2023-11-20,13,2023-09-25,2023-11-19,55,False,True,-0.095661163330078125,-0.39340925216674805
split-3,2023-11-20,21,2023-09-25,2023-11-19,55,False,True,0.7839508056640625,-1.0465364456176758
split-3,2023-11-20,35,2023-09-25,2023-11-19,54,False,True,-0.014834403991699219,-2.6079583168029785
split-3,2023-11-20,82,2023-09-25,2023-11-19,55,False,True,-0.34795570373535156,-1.7461223602294922
split-3,2023-11-21,11,2023-09-26,2023-11-20,55,False,True,-0.26070976257324219,-0.32641363143920898
split-3,2023-11-21,12,2023-09-26,2023-11-20,54,False,True,-0.53298783302307129,-1.3165521621704102
split-3,2023-11-21,13,2023-09-26,2023-11-20,55,False,True,-0.095661163330078125,-0.39340925216674805
split-3,2023-11-21,21,2023-09-26,2023-11-20,55,False,True,0.34287071228027344,-1.0900192260742188
split-3,2023-11-21,35,2023-09-26,2023-11-20,54,False,True,-0.014834403991699219,-2.6760413646697998
split-3,2023-11-21,82,2023-09-26,2023-11-20,55,False,True,-0.34795570373535156,-1.7461223602294922
split-3,2023-11-22,11,2023-09-27,2023-11-21,55,False,True,-0.26070976257324219,-0.32641363143920898
split-3,2023-11-22,12,2023-09-27,2023-11-21,54,False,True,-0.46708440780639648,-1.3165521621704102
split-3,2023-11-22,13,2023-09-27,2023-11-21,55,False,True,0.51980686187744141,-0.39340925216674805
split-3,2023-11-22,21,2023-09-27,2023-11-21,55,False,True,0.7839508056640625,-1.0465364456176758
split-3,2023-11-22,35,2023-09-27,2023-11-21,54,False,True,0.15212917327880859,-2.6196033954620361
split-3,2023-11-22,82,2023-09-27,2023-11-21,55,False,True,-0.3061981201171875,-1.5217418670654297
split-3,2023-11-23,11,2023-09-28,2023-11-22,55,False,True,0.26404762268066406,-0.32641363143920898
split-3,2023-11-23,12,2023-09-28,2023-11-22,54,False,True,-0.28504133224487305,-1.2183127403259277
split-3,2023-11-23,13,2023-09-28,2023-11-22,55,False,True,0.51980686187744141,-0.39340925216674805
split-3,2023-11-23,21,2023-09-28,2023-11-22,55,False,True,0.80701351165771484,-0.88795328140258789
split-3,2023-11-23,35,2023-09-28,2023-11-22,54,False,True,0.41078472137451172,-2.6050770282745361
split-3,2023-11-23,82,2023-09-28,2023-11-22,55,False,True,-0.29105758666992188,-1.2887754440307617
split-3,2023-11-24,11,2023-09-29,2023-11-23,55,False,True,0.26404762268066406,-0.32641363143920898
split-3,2023-11-24,12,2023-09-29,2023-11-23,54,False,True,-0.11056637763977051,-1.2183127403259277
split-3,2023-11-24,13,2023-09-29,2023-11-23,55,False,True,0.51980686187744141,-0.39340925216674805
split-3,2023-11-24,21,2023-09-29,2023-11-23,55,False,True,0.80701351165771484,-0.88795328140258789
split-3,2023-11-24,35,2023-09-29,2023-11-23,54,False,True,0.41078472137451172,-2.6050770282745361
split-3,2023-11-24,82,2023-09-29,2023-11-23,55,False,True,-0.29105758666992188,-1.2887754440307617
split-3,2023-11-25,11,2023-09-30,2023-11-24,55,False,True,0.28126144409179688,0.06429600715637207
split-3,2023-11-25,12,2023-09-30,2023-11-24,54,False,True,-0.046074867248535156,-1.0591127872467041
split-3,2023-11-25,13,2023-09-30,2023-11-24,55,False,True,0.62313270568847656,-0.32627964019775391
split-3,2023-11-25,21,2023-09-30,2023-11-24,55,False,True,1.4061050415039062,-0.51092672348022461
split-3,2023-11-25,35,2023-09-30,2023-11-24,54,False,True,0.17262077331542969,-2.6050770282745361
split-3,2023-11-25,82,2023-09-30,2023-11-24,55,False,True,-0.29105758666992188,-1.0738668441772461
split-3,2023-11-26,11,2023-10-01,2023-11-25,55,False,True,0.28126144409179688,0.06429600715637207
split-3,2023-11-26,12,2023-10-01,2023-11-25,54,False,True,-0.046074867248535156,-0.91831398010253906
split-3,2023-11-26,13,2023-10-01,2023-11-25,55,False,True,0.62313270568847656,-0.1099696159362793
split-3,2023-11-26,21,2023-10-01,2023-11-25,55,False,True,1.4696044921875,-0.14472103118896484
split-3,2023-11-26,35,2023-10-01,2023-11-25,54,False,True,0.12733173370361328,-2.6196033954620361
split-3,2023-11-26,82,2023-10-01,2023-11-25,55,False,True,-0.29105758666992188,-1.0738668441772461
split-3,2023-11-27,11,2023-10-02,2023-11-26,55,False,True,0.28126144409179688,-0.32641363143920898
split-3,2023-11-27,12,2023-10-02,2023-11-26,54,False,True,-0.046074867248535156,-0.91831398010253906
split-3,2023-11-27,13,2023-10-02,2023-11-26,55,False,True,0.51980686187744141,-0.1099696159362793
split-3,2023-11-27,21,2023-10-02,2023-11-26,55,False,True,1.4061050415039062,-0.51092672348022461
split-3,2023-11-27,35,2023-10-02,2023-11-26,54,False,True,0.12733173370361328,-2.6196033954620361
split-3,2023-11-27,82,2023-10-02,2023-11-26,55,False,True,-0.29105758666992188,-1.0738668441772461
split-3,2023-11-28,11,2023-10-03,2023-11-27,55,False,True,0.28126144409179688,-0.32641363143920898
split-3,2023-11-28,12,2023-10-03,2023-11-27,54,False,True,-0.11056637763977051,-1.0591127872467041
split-3,2023-11-28,13,2023-10-03,2023-11-27,55,False,True,0.51980686187744141,-0.32627964019775391
split-3,2023-11-28,21,2023-10-03,2023-11-27,55,False,True,0.80701351165771484,-0.88795328140258789
split-3,2023-11-28,35,2023-10-03,2023-11-27,54,False,True,-0.014834403991699219,-2.6760413646697998
split-3,2023-11-28,82,2023-10-03,2023-11-27,55,False,True,-0.3061981201171875,-1.2887754440307617
split-3,2023-11-29,11,2023-10-04,2023-11-28,55,False,True,0.31859302520751953,0.06429600715637207
split-3,2023-11-29,12,2023-10-04,2023-11-28,54,False,True,-0.046074867248535156,-0.91831398010253906
split-3,2023-11-29,13,2023-10-04,2023-11-28,55,False,True,0.51980686187744141,-0.32627964019775391
split-3,2023-11-29,21,2023-10-04,2023-11-28,55,False,True,0.7839508056640625,-1.0465364456176758
split-3,2023-11-29,35,2023-10-04,2023-11-28,54,False,True,-0.014834403991699219,-2.6760413646697998
split-3,2023-11-29,82,2023-10-04,2023-11-28,55,False,True,-0.3061981201171875,-1.2887754440307617
split-3,2023-11-30,11,2023-10-05,2023-11-29,55,False,True,0.31859302520751953,0.67534279823303223
split-3,2023-11-30,12,2023-10-05,2023-11-29,54,False,True,-0.046074867248535156,-0.85663342475891113
split-3,2023-11-30,13,2023-10-05,2023-11-29,55,False,True,0.51980686187744141,-0.39340925216674805
split-3,2023-11-30,21,2023-10-05,2023-11-29,55,False,True,0.80701351165771484,-0.88795328140258789
split-3,2023-11-30,35,2023-10-05,2023-11-29,54,False,True,-0.014834403991699219,-2.6196033954620361
split-3,2023-11-30,82,2023-10-05,2023-11-29,55,False,True,-0.29105758666992188,-1.0738668441772461
split-3,2023-12-01,11,2023-10-06,2023-11-30,55,False,True,0.38050651550292969,0.67534279823303223
split-3,2023-12-01,12,2023-10-06,2023-11-30,54,False,True,-0.11056637763977051,-0.91831398010253906
split-3,2023-12-01,13,2023-10-06,2023-11-30,55,False,True,0.51980686187744141,-0.39340925216674805
split-3,2023-12-01,21,2023-10-06,2023-11-30,55,False,True,0.80701351165771484,-0.51092672348022461
split-3,2023-12-01,35,2023-10-06,2023-11-30,54,False,True,-0.014834403991699219,-2.6196033954620361
split-3,2023-12-01,82,2023-10-06,2023-11-30,55,False,True,-0.24513053894042969,-1.0077521800994873
split-3,2023-12-02,11,2023-10-07,2023-12-01,55,False,True,0.38050651550292969,0.10087180137634277
split-3,2023-12-02,12,2023-10-07,2023-12-01,54,False,True,-0.11056637763977051,-0.91831398010253906
split-3,2023-12-02,13,2023-10-07,2023-12-01,55,False,True,0.0099115371704101562,-0.40934562683105469
split-3,2023-12-02,21,2023-10-07,2023-12-01,55,False,True,0.7839508056640625,-0.88795328140258789
split-3,2023-12-02,35,2023-10-07,2023-12-01,54,False,True,-0.014834403991699219,-2.6760413646697998
split-3,2023-12-02,82,2023-10-07,2023-12-01,55,False,True,-0.29105758666992188,-1.0077521800994873
split-3,2023-12-03,11,2023-10-08,2023-12-02,55,False,True,0.38050651550292969,0.10087180137634277
split-3,2023-12-03,12,2023-10-08,2023-12-02,54,False,True,-0.046074867248535156,-0.85663342475891113
split-3,2023-12-03,13,2023-10-08,2023-12-02,55,False,True,0.0099115371704101562,-0.39340925216674805
split-3,2023-12-03,21,2023-10-08,2023-12-02,55,False,True,0.80701351165771484,-0.51092672348022461
split-3,2023-12-03,35,2023-10-08,2023-12-02,54,False,True,0.12733173370361328,-2.6196033954620361
split-3,2023-12-03,82,2023-10-08,2023-12-02,55,False,True,-0.24513053894042969,-0.87809872627258301
split-3,2023-12-04,11,2023-10-09,2023-12-03,55,False,True,0.31859302520751953,0.10087180137634277
split-3,2023-12-04,12,2023-10-09,2023-12-03,54,False,True,0.079359769821166992,-0.85663342475891113
split-3,2023-12-04,13,2023-10-09,2023-12-03,55,False,True,0.0099115371704101562,-0.39340925216674805
split-3,2023-12-04,21,2023-10-09,2023-12-03,55,False,True,0.7839508056640625,-0.51092672348022461
split-3,2023-12-04,35,2023-10-09,2023-12-03,54,False,True,0.12733173370361328,-2.6196033954620361
split-3,2023-12-04,82,2023-10-09,2023-12-03,55,False,True,-0.24513053894042969,-0.79735445976257324
split-3,2023-12-05,11,2023-10-10,2023-12-04,55,False,True,0.31859302520751953,0.67534279823303223
split-3,2023-12-05,12,2023-10-10,2023-12-04,54,False,True,-0.046074867248535156,-0.91831398010253906
split-3,2023-12-05,13,2023-10-10,2023-12-04,55,False,True,-0.031416893005371094,-0.40934562683105469
split-3,2023-12-05,21,2023-10-10,2023-12-04,55,False,True,0.43543815612792969,-0.51092672348022461
split-3,2023-12-05,35,2023-10-10,2023-12-04,54,False,True,0.031160354614257812,-2.6196033954620361
split-3,2023-12-05,82,2023-10-10,2023-12-04,55,False,True,-0.24513053894042969,-0.71618986129760742
split-3,2023-12-06,11,2023-10-11,2023-12-05,55,False,True,0.28126144409179688,0.10087180137634277
split-3,2023-12-06,12,2023-10-11,2023-12-05,54,False,True,-0.046074867248535156,-0.91831398010253906
split-3,2023-12-06,13,2023-10-11,2023-12-05,55,False,True,0.0099115371704101562,-0.39340925216674805
split-3,2023-12-06,21,2023-10-11,2023-12-05,55,False,True,0.7839508056640625,-0.14472103118896484
split-3,2023-12-06,35,2023-10-11,2023-12-05,54,False,True,0.031160354614257812,-2.6196033954620361
split-3,2023-12-06,82,2023-10-11,2023-12-05,55,False,True,-0.24513053894042969,-0.71618986129760742
split-3,2023-12-07,11,2023-10-12,2023-12-06,55,False,True,0.28126144409179688,0.10087180137634277
split-3,2023-12-07,12,2023-10-12,2023-12-06,54,False,True,-0.046074867248535156,-0.91831398010253906
split-3,2023-12-07,13,2023-10-12,2023-12-06,55,False,True,0.0099115371704101562,-0.39340925216674805
split-3,2023-12-07,21,2023-10-12,2023-12-06,55,False,True,0.80701351165771484,0.0087580680847167969
split-3,2023-12-07,35,2023-10-12,2023-12-06,54,False,True,0.12733173370361328,-2.6050770282745361
split-3,2023-12-07,82,2023-10-12,2023-12-06,55,False,True,-0.13766860961914062,-0.63623166084289551
split-3,2023-12-08,11,2023-10-13,2023-12-07,55,False,True,0.28126144409179688,0.10087180137634277
split-3,2023-12-08,12,2023-10-13,2023-12-07,54,False,True,-0.046074867248535156,-0.91831398010253906
split-3,2023-12-08,13,2023-10-13,2023-12-07,55,False,True,0.51980686187744141,-0.32627964019775391
split-3,2023-12-08,21,2023-10-13,2023-12-07,55,False,True,1.4061050415039062,0.0087580680847167969
split-3,2023-12-08,35,2023-10-13,2023-12-07,54,False,True,0.17262077331542969,-2.4434278011322021
split-3,2023-12-08,82,2023-10-13,2023-12-07,55,False,True,-0.24513053894042969,-0.63623166084289551
split-3,2023-12-09,11,2023-10-14,2023-12-08,55,False,True,0.31859302520751953,0.67534279823303223
split-3,2023-12-09,12,2023-10-14,2023-12-08,54,False,True,-0.046074867248535156,-0.56999754905700684
split-3,2023-12-09,13,2023-10-14,2023-12-08,55,False,True,0.51980686187744141,-0.16820859909057617
split-3,2023-12-09,21,2023-10-14,2023-12-08,55,False,True,1.4061050415039062,0.35884618759155273
split-3,2023-12-09,35,2023-10-14,2023-12-08,54,False,True,0.17262077331542969,-2.2661917209625244
split-3,2023-12-09,82,2023-10-14,2023-12-08,55,False,True,-0.24513053894042969,-0.60623431205749512
split-3,2023-12-10,11,2023-10-15,2023-12-09,55,False,True,0.38050651550292969,0.6854853630065918
split-3,2023-12-10,12,2023-10-15,2023-12-09,54,False,True,0.079359769821166992,-0.40476560592651367
split-3,2023-12-10,13,2023-10-15,2023-12-09,55,False,True,0.62313270568847656,-0.011966705322265625
split-3,2023-12-10,21,2023-10-15,2023-12-09,55,False,True,1.4696044921875,0.79239940643310547
split-3,2023-12-10,35,2023-10-15,2023-12-09,54,False,True,0.21142196655273438,-1.9035992622375488
split-3,2023-12-10,82,2023-10-15,2023-12-09,55,False,True,-0.13766860961914062,-0.57291650772094727
split-3,2023-12-11,11,2023-10-16,2023-12-10,55,False,True,0.38050651550292969,0.34778094291687012
split-3,2023-12-11,12,2023-10-16,2023-12-10,54,False,True,0.079359769821166992,-0.40476560592651367
split-3,2023-12-11,13,2023-10-16,2023-12-10,55,False,True,0.68297576904296875,0.075020790100097656
split-3,2023-12-11,21,2023-10-16,2023-12-10,55,False,True,1.4061050415039062,0.79239940643310547
split-3,2023-12-11,35,2023-10-16,2023-12-10,54,False,True,0.42478847503662109,-1.9035992622375488
split-3,2023-12-11,82,2023-10-16,2023-12-10,55,False,True,-0.073259353637695312,-0.5517733097076416
