id,modelId,splitId,n,actualTotal,wape,mae,over,under,loss,fitSeconds,status
split-1:last-day,last-day,split-1,370,12927,33.1167324205,11.5702702703,3251,1414,7493,0.123710679,completed
split-1:last-week,last-week,split-1,370,12927,29.7130037905,10.3810810811,3039,1152,6495,0.088003004,completed
split-1:recent-7,recent-7,split-1,370,12927,26.7540806065,9.3472972973,3177,975,6102,0.311631799,completed
split-1:weekday-8,weekday-8,split-1,370,12927,27.5972770171,9.64189189189,1972,1482,6418,0.370812449,completed
split-1:ridge,ridge,split-1,370,12927,24.7605132545,8.65078796868,1758,1415,6003,0.004266316,completed
split-1:elastic-net,elastic-net,split-1,370,12927,24.3750463189,8.51611415581,1791,1363,5880,0.009915428,completed
split-1:huber,huber,split-1,370,12927,25.0802144549,8.76248465563,1691,1456,6059,0.166587582,completed
split-1:linear-quantile-0,linear-quantile-0,split-1,370,12927,24.8234547984,8.67277838321,2385,964,5277,2.751025871,completed
split-1:linear-quantile-1,linear-quantile-1,split-1,370,12927,45.2386477914,15.8054054054,478,4383,13627,0.682576248,completed
split-1:spline-ridge,spline-ridge,split-1,370,12927,30.5831448301,10.6850895464,1352,2067,7553,0.01784294,completed
split-1:poisson,poisson,split-1,370,12927,30.1075268817,10.5189189189,3549,1039,6666,0.285568846,completed
split-1:negative-binomial,negative-binomial,split-1,370,12927,31.3993966117,10.9702702703,5380,706,7498,0.622409826,completed
split-1:svr,svr,split-1,370,12927,31.4166649188,10.9763034434,1322,2433,8621,0.298036554,completed
split-1:knn,knn,split-1,370,12927,28.8689946831,10.0862025478,1382,2004,7394,0.014405698,completed
split-1:random-forest,random-forest,split-1,370,12927,27.2685077744,9.52702702703,1665,1531,6258,1.865258552,completed
split-1:extra-trees,extra-trees,split-1,370,12927,28.6996209484,10.027027027,1427,1832,6923,0.992277524,completed
split-1:histogram-small,histogram-small,split-1,370,12927,28.2251430755,9.86125471722,1708,1564,6400,1.225423024,completed
split-1:histogram-medium,histogram-medium,split-1,370,12927,29.5107913453,10.3104324249,1693,1689,6760,2.776543541,completed
split-1:histogram-large,histogram-large,split-1,370,12927,30.7618013002,10.7475082542,1663,1717,6814,6.391376638,completed
split-1:lightgbm,lightgbm,split-1,370,12927,29.0202789359,10.1390579947,1676,1711,6809,0.665727145,completed
split-1:xgboost,xgboost,split-1,370,12927,28.1141012001,9.82245908686,1453,1750,6703,0.883114919,completed
split-1:catboost,catboost,split-1,370,12927,28.5752731098,9.98358258082,1589,1746,6827,0.877995399,completed
split-1:sarima,sarima,split-1,370,12927,26.692639098,9.32583096269,2698,1121,6061,13.253034351,completed
split-1:state-space,state-space,split-1,370,12927,24.9302727326,8.71009825986,3820,679,5857,6.236031973,completed
split-1:holt,holt,split-1,370,12927,27.4740500148,9.59883904166,4107,882,6753,0.301095381,completed
split-1:ou-sde,ou-sde,split-1,370,12927,27.8501748446,9.73024892476,2567,1270,6377,0.453775762,completed
split-1:nonlinear-ode,nonlinear-ode,split-1,370,12927,27.8765094485,9.73944966596,1957,1557,6628,0.564293852,completed
split-1:nonlinear-sde,nonlinear-sde,split-1,370,12927,28.0999932989,9.81753009123,2653,1263,6442,0.739224027,completed
split-1:mlp,mlp,split-1,370,12927,31.5753109841,11.0317309484,1728,2117,8079,11.452693388,completed
split-1:lstm,lstm,split-1,370,12927,32.6299772785,11.4002085481,1831,2205,8446,19.205941246,completed
split-1:gru,gru,split-1,370,12927,34.1613708802,11.9352443613,2131,2289,8998,46.575251985,completed
split-1:tcn,tcn,split-1,370,12927,32.2824320367,11.2787837551,2096,1939,7913,30.077439768,completed
split-1:transformer,transformer,split-1,370,12927,33.4424495953,11.6840688086,2212,2153,8671,46.362472683,completed
split-1:neural-ode,neural-ode,split-1,370,12927,29.3993306327,10.2714904619,2145,1655,7110,21.598658946,completed
split-1:custom-final,custom-final,split-1,370,12927,29.6527561262,10.3600318498,1166,2065,7361,5.522770288,completed
split-2:last-day,last-day,split-2,366,8278,36.3614399613,8.22404371585,3858,516,5406,0.084223113,completed
split-2:last-week,last-week,split-2,366,8278,38.5539985504,8.71994535519,4551,306,5469,0.083594528,completed
split-2:recent-7,recent-7,split-2,366,8278,30.7924619473,6.96448087432,3203,437,4514,0.311865726,completed
split-2:weekday-8,weekday-8,split-2,366,8278,70.6964242571,15.9897540984,8659,10,8689,0.367457373,completed
split-2:ridge,ridge,split-2,366,8278,30.2290933007,6.83706104764,3786,249,4533,0.00375782500004,completed
split-2:elastic-net,elastic-net,split-2,366,8278,30.4174600693,6.87966487578,3622,265,4417,0.00993268900004,completed
split-2:huber,huber,split-2,366,8278,29.6706430828,6.7107536459,3470,300,4370,0.201840015,completed
split-2:linear-quantile-0,linear-quantile-0,split-2,366,8278,29.4024180147,6.65008787776,2710,444,4042,3.5884714,completed
split-2:linear-quantile-1,linear-quantile-1,split-2,366,8278,59.1809615849,13.3852459016,7504,105,7819,0.834015554,completed
split-2:spline-ridge,spline-ridge,split-2,366,8278,40.0096912655,9.04918645616,4687,194,5269,0.017949185,completed
split-2:poisson,poisson,split-2,366,8278,37.0620922928,8.3825136612,2162,730,4352,0.291216386,completed
split-2:negative-binomial,negative-binomial,split-2,366,8278,38.705001208,8.75409836066,1344,1440,5664,0.320481047,completed
split-2:svr,svr,split-2,366,8278,37.5521443129,8.49335110989,4499,269,5306,0.391080089,completed
split-2:knn,knn,split-2,366,8278,40.2117376908,9.09488427881,5162,136,5570,0.01372054,completed
split-2:random-forest,random-forest,split-2,366,8278,39.7982604494,9.00136612022,4296,247,5037,2.107263018,completed
split-2:extra-trees,extra-trees,split-2,366,8278,37.0500120802,8.37978142077,3992,258,4766,1.096143997,completed
split-2:histogram-small,histogram-small,split-2,366,8278,39.8491217149,9.01286965999,3868,254,4630,1.227834878,completed
split-2:histogram-medium,histogram-medium,split-2,366,8278,38.5945394023,8.72911467685,4486,180,5026,2.790844913,completed
split-2:histogram-large,histogram-large,split-2,366,8278,39.1431773795,8.85320279638,4643,163,5132,6.302457471,completed
split-2:lightgbm,lightgbm,split-2,366,8278,38.5868327059,8.72737161582,4403,202,5009,0.707961732,completed
split-2:xgboost,xgboost,split-2,366,8278,38.626878784,8.73642903208,4511,175,5036,0.882645059,completed
split-2:catboost,catboost,split-2,366,8278,39.8675187784,9.01703061333,4024,264,4816,0.802889982,completed
split-2:sarima,sarima,split-2,366,8278,35.5079247823,8.03100003682,3837,376,4965,13.100673088,completed
split-2:state-space,state-space,split-2,366,8278,27.5404505921,6.22895765032,2728,461,4111,6.588498352,completed
split-2:holt,holt,split-2,366,8278,30.4347154138,6.88356760097,2932,600,4732,0.309557345,completed
split-2:ou-sde,ou-sde,split-2,366,8278,30.3690976739,6.86872651761,3212,377,4343,0.454813286,completed
split-2:nonlinear-ode,nonlinear-ode,split-2,366,8278,30.3541056439,6.86533569727,3852,279,4689,0.564876428,completed
split-2:nonlinear-sde,nonlinear-sde,split-2,366,8278,30.2322669543,6.83777884831,3230,385,4385,0.739325382,completed
split-2:mlp,mlp,split-2,366,8278,36.0476830587,8.15307979125,3856,353,4915,10.499843294,completed
split-2:lstm,lstm,split-2,366,8278,33.7013220054,7.62239190056,3336,424,4608,22.449199998,completed
split-2:gru,gru,split-2,366,8278,34.235516077,7.74321317174,3983,323,4952,54.212957219,completed
split-2:tcn,tcn,split-2,366,8278,33.1358787836,7.49450285712,3818,426,5096,34.960679625,completed
split-2:transformer,transformer,split-2,366,8278,35.9448013392,8.1298105324,3938,318,4892,54.660949442,completed
split-2:neural-ode,neural-ode,split-2,366,8278,35.1301391248,7.94555441736,3748,380,4888,24.869169951,completed
split-2:custom-final,custom-final,split-2,366,8278,28.2393043628,6.38702080643,2924,340,3944,5.604006777,completed
split-3:last-day,last-day,split-3,238,2168,34.4095940959,3.13445378151,1513,49,1660,0.071295536,completed
split-3:last-week,last-week,split-3,238,2168,46.6328413284,4.24789915966,1729,49,1876,0.070302079,completed
split-3:recent-7,recent-7,split-3,238,2168,31.8035055351,2.89705882353,900,112,1236,0.25716651,completed
split-3:weekday-8,weekday-8,split-3,238,2168,61.2084870849,5.5756302521,1990,131,2383,0.305335335,completed
split-3:ridge,ridge,split-3,238,2168,42.8030006806,3.89902964183,1272,94,1554,0.00393937799993,completed
split-3:elastic-net,elastic-net,split-3,238,2168,40.3866340619,3.67891691791,1299,85,1554,0.012615463,completed
split-3:huber,huber,split-3,238,2168,38.4321243165,3.50087586211,1433,50,1583,0.177394772,completed
split-3:linear-quantile-0,linear-quantile-0,split-3,238,2168,37.0001028141,3.37042953366,1249,76,1477,4.447023498,completed
split-3:linear-quantile-1,linear-quantile-1,split-3,238,2168,131.595940959,11.987394958,4057,1,4060,1.031682769,completed
split-3:spline-ridge,spline-ridge,split-3,238,2168,37.5890863096,3.4240814756,1302,55,1467,0.0182399089999,completed
split-3:poisson,poisson,split-3,238,2168,41.4898523985,3.77941176471,1732,39,1849,0.242871365,completed
split-3:negative-binomial,negative-binomial,split-3,238,2168,42.2278597786,3.84663865546,1214,78,1448,0.268979648,completed
split-3:svr,svr,split-3,238,2168,32.5326390677,2.9634773739,1317,48,1461,0.450633411,completed
split-3:knn,knn,split-3,238,2168,39.5365211249,3.60147805878,1677,35,1782,0.012911439,completed
split-3:random-forest,random-forest,split-3,238,2168,30.3736162362,2.76680672269,659,188,1223,2.416000596,completed
split-3:extra-trees,extra-trees,split-3,238,2168,30.6734317343,2.79411764706,768,139,1185,1.172864706,completed
split-3:histogram-small,histogram-small,split-3,238,2168,29.4692390433,2.68442480025,642,128,1026,1.27115035,completed
split-3:histogram-medium,histogram-medium,split-3,238,2168,29.0632991818,2.64744674899,682,124,1054,2.859445861,completed
split-3:histogram-large,histogram-large,split-3,238,2168,30.412251817,2.7703261319,680,122,1046,6.371640776,completed
split-3:lightgbm,lightgbm,split-3,238,2168,29.9687955719,2.72993062184,770,95,1055,0.714641698,completed
split-3:xgboost,xgboost,split-3,238,2168,29.0041907247,2.6420624156,876,104,1188,0.934785328,completed
split-3:catboost,catboost,split-3,238,2168,31.0005663273,2.82391713435,794,105,1109,0.840293098,completed
split-3:sarima,sarima,split-3,238,2168,30.4998855921,2.77830890604,855,97,1146,13.449261295,completed
split-3:state-space,state-space,split-3,238,2168,35.0287960842,3.19085839961,607,274,1429,6.088728655,completed
split-3:holt,holt,split-3,238,2168,32.070105765,2.92134408817,711,182,1257,0.301586915,completed
split-3:ou-sde,ou-sde,split-3,238,2168,36.4420828573,3.3195981359,1163,73,1382,0.386295979,completed
split-3:nonlinear-ode,nonlinear-ode,split-3,238,2168,36.7756019241,3.34997920048,1626,38,1740,0.476393726,completed
split-3:nonlinear-sde,nonlinear-sde,split-3,238,2168,37.7321902307,3.43711716051,1176,75,1401,0.632676665,completed
split-3:mlp,mlp,split-3,238,2168,37.9576999606,3.45765939137,959,121,1322,12.351496808,completed
split-3:lstm,lstm,split-3,238,2168,31.541622504,2.87320326003,986,88,1250,26.069813056,completed
split-3:gru,gru,split-3,238,2168,33.6941606263,3.06928320327,1255,55,1420,63.093508517,completed
split-3:tcn,tcn,split-3,238,2168,37.1168677263,3.38106593406,1314,57,1485,40.342432886,completed
split-3:transformer,transformer,split-3,238,2168,42.1435729455,3.83896076243,1276,73,1495,63.070887528,completed
split-3:neural-ode,neural-ode,split-3,238,2168,36.2720914055,3.3041132003,938,121,1301,28.470011285,completed
split-3:custom-final,custom-final,split-3,238,2168,31.2366326086,2.8454209872,888,96,1176,5.741486739,completed
